intent,intent_confidence,low_confidence,sentiment_current,sentiment_trend,sentiment_min_so_far,turn_count,transcript_length,hold_time_proxy,escalation_probability,escalated
billing_inquiry,0.46322684820277377,0,-0.4208718027449273,-0.0008239395249071968,-0.4721510232950929,8,121,6.044262523976875,0.2394982033957255,1
sales_inquiry,0.8256752639156318,0,-0.22550909129915112,0.07239691338632434,-0.22550909129915112,11,165,16.610985401364687,0.2649252570933879,0
billing_inquiry,0.6452560499996463,0,-0.03949002889937503,-0.08935276889968508,-0.20762505091469524,7,95,5.682456651047744,0.1878855092720217,0
sales_inquiry,0.6832324727011219,0,-0.06931932481766151,-0.03195773163595986,-0.14675810069591835,10,134,2.5072656467265158,0.269064528402695,0
general_inquiry,0.5520797373497144,0,0.24274842365980376,0.19949543368293426,0.24274842365980376,8,126,8.173252480958695,0.14658254314744523,0
billing_inquiry,0.8844167371010805,0,-0.09452316362933236,-0.028067382622748074,-0.2199139443334589,5,77,24.18014487177227,0.20747615984530016,0
technical_support,0.8821040203884631,0,0.731636502564174,0.003998742036015735,0.6784892628902562,8,134,27.56472499759887,0.1856851149933279,1
technical_support,0.7526122928196736,0,-0.720068840412409,-0.02730776028951769,-0.7962347580642134,8,132,5.848841908326279,0.2846308767540432,0
billing_inquiry,0.8832858893169445,0,-0.1362828055853946,0.027340750538551072,-0.1362828055853946,12,196,19.148285226669685,0.2056650813231233,1
fraud_report,0.6775718949134814,0,0.2886154090180556,0.13190737267297428,0.2886154090180556,6,97,32.137305342204456,0.1463328762216311,0
sales_inquiry,0.5666390936836835,0,-0.016868474321421995,-0.03552324020989413,-0.1481055873560677,8,117,12.77557775226533,0.2565883582233614,0
fraud_report,0.7619316682455927,0,0.12661832634368195,-0.12461357349504153,-0.19006575449221663,6,84,8.038709792655418,0.2210672739042549,0
general_inquiry,0.7781568606783383,0,0.3435045888897759,-0.363693426289715,-0.4539459983100575,6,103,31.30116707331724,0.4092550440153431,1
account_management,0.6631487223657221,0,-0.3234144327913637,-0.03875135454793664,-0.4315389951097111,12,149,6.870460861360886,0.2746514477737301,1
general_inquiry,0.5420403448934101,0,0.3120258822405867,-0.12570098943048236,0.09053010553995855,4,41,14.908257188493652,0.16121426907859018,0
fraud_report,0.537749170267784,0,0.07234482610954418,0.1830378834354096,0.07234482610954418,7,91,17.62077570603571,0.18165379567568177,0
service_outage_status,0.5739036971438956,0,-0.4907431267382928,0.14008336248579745,-0.4907431267382928,5,79,13.289175084491132,0.17909165385409218,0
general_inquiry,0.562512134007701,0,0.8748924649718067,0.14589900548609472,0.8748924649718067,14,190,11.865770921934388,0.23453553396847493,0
general_inquiry,0.9205467574254421,0,-0.5243833411977772,-0.06459850440464532,-0.7174777075797725,9,148,0.6672563978877574,0.2012851982862779,0
billing_inquiry,0.9748585730918563,0,-0.5745872604936408,-0.14393441995459288,-0.9431022687216853,10,132,8.423178048837947,0.35509532300038565,0
general_inquiry,0.7628775977124969,0,-0.25987791459510157,0.008476508925616449,-0.3515661369149584,16,224,32.94360816114264,0.3145426561355607,1
cancel_service,0.691979959173058,0,-0.41305386010420875,0.08707302047235992,-0.41305386010420875,5,60,4.763480149538832,0.37236361022854614,1
general_inquiry,0.737531987914702,0,0.33182445699059093,0.05867610629291292,0.33182445699059093,11,160,17.81855285259933,0.18061819960340952,0
account_management,0.6466447614605543,0,0.41393761464325407,0.020855463291135978,0.41393761464325407,14,181,18.34513071141912,0.18832218529283007,1
general_inquiry,0.9075292534298709,0,0.011385553707679782,0.07712270360642115,0.00368123144118368,3,38,6.259158847687486,0.12062298456664586,0
cancel_service,0.6329589438446238,0,0.21303479316771862,0.09509758606918402,0.21303479316771862,5,69,21.62494772991572,0.16001042857419265,0
cancel_service,0.7420832434163688,0,-0.25725224863394514,-0.018282306249401838,-0.3098832850783438,10,166,0.658764450442856,0.26503321985713935,0
billing_inquiry,0.9196759876265201,0,0.06810817445727661,0.24963417499669602,0.06810817445727661,10,171,17.353596047413905,0.11671236613597971,0
fraud_report,0.6780510172169881,0,-0.1512264334901496,0.026717925145515933,-0.1656061800508704,8,117,28.85831195959228,0.22529351774551998,0
account_management,0.42797424411299984,0,0.862024085625788,-0.014663528452306271,0.7809301700484046,10,132,0.9618909400705813,0.09035980462916146,0
billing_inquiry,0.871271870971109,0,0.1252009473338799,-0.30379193799678655,-0.29522974539712277,10,116,7.8681304351066155,0.25213268423715474,0
cancel_service,0.5114374106754433,0,0.9241192682096314,-0.053814717384214894,0.8060030451811747,10,141,5.792155447863108,0.2314803133885947,0
billing_inquiry,0.7831361648627273,0,0.06484930303375178,0.12104341973253833,0.06484930303375178,10,169,16.09784557121977,0.1713433700339851,1
cancel_service,0.7228115777315643,0,0.11384474967410226,-0.06241936237213551,-0.08866409367475336,12,204,39.34049503662673,0.35502250732158747,0
cancel_service,0.6961493403177796,0,0.368031696880876,-0.07622621943464145,0.12180114459184649,7,104,7.3285888691952925,0.11869429933137504,0
service_outage_status,0.5560345347044912,0,-0.10014443095875994,0.052774166881860665,-0.10014443095875994,16,269,9.531207735912599,0.2010627259351395,1
billing_inquiry,0.5031786833342803,0,1.0,-0.1079877627606351,0.6179912508704112,7,109,0.5985720570144275,0.20392055796542075,0
cancel_service,0.7528879505725307,0,0.307864229338601,-0.1846006511820565,-0.18525980847842438,10,151,5.0052485769660375,0.20509876482568923,0
account_management,0.6952127537382916,0,0.12468185362014722,-0.014415824536763506,0.04553991591013421,6,105,7.113896674380609,0.18251366622200665,0
account_management,0.9826368122027215,0,-0.37482817054974804,-0.07448909713532084,-0.5177507000594687,5,53,24.597678239994053,0.2353556513475258,0
sales_inquiry,0.6499183812434254,0,0.3531431658429226,-0.021595801492728973,0.28818865967555474,7,97,2.2623328621060494,0.1422890400367135,0
service_outage_status,0.8134879619936586,0,0.21900442847422197,0.11301385816071079,0.21900442847422197,5,94,3.2434077512646677,0.15660322729507464,0
cancel_service,0.850323653424703,0,-0.37365133275930895,-0.007024168711780732,-0.39663377562745206,6,80,3.584080149736673,0.2966431625371965,0
fraud_report,0.7787080036872901,0,0.4097978815461486,-0.025780739276511876,0.35324899982392877,10,166,32.8155821181848,0.1642998028309816,0
cancel_service,0.7615907220542305,0,0.4296798479183451,0.005455981771421814,0.40661680609557005,11,139,6.125234516522349,0.20506162701043537,0
billing_inquiry,0.711906158535423,0,0.0911008820603157,-0.2544326518009774,-0.2821080427587458,5,93,9.486653878645464,0.42043763329286155,0
service_outage_status,0.8402281992794057,0,1.0,0.02902652055820344,0.9742036679157631,5,80,10.539485453647634,0.12367548245149912,1
cancel_service,0.6000148379475073,0,-0.3507951640803455,0.17929466002741543,-0.3507951640803455,15,230,0.567829790288501,0.26836218184344424,1
technical_support,0.7044326174020107,0,0.30527992443087243,-0.08282731158875575,0.09171650317885323,9,148,0.9995079890961007,0.0980236088611029,0
technical_support,0.5568058633646634,0,0.24423667106273658,-0.22860281449628841,-0.1313929091201546,7,131,10.74332724597568,0.22782505500061181,0
account_management,0.9350249878826976,0,-0.4708545608744965,-0.28514331694090717,-0.9370461138513531,8,125,0.6925379722644643,0.3649538193982345,1
cancel_service,0.7337774052700798,0,0.22911898563729927,-0.1925128241228545,-0.2862918391212592,8,107,12.119748460871582,0.31438976679118874,0
account_management,0.5508006121337753,0,0.03184463065755552,-0.3402040501215284,-0.7224630435742236,12,151,2.250736761364573,0.4467789675084485,0
fraud_report,0.7015895076012264,0,-0.35873283286697644,-0.16103318133885752,-0.6168968050887054,9,126,13.550560209093026,0.42167035037526757,1
account_management,0.6095094107316197,0,0.2511883991978794,0.047880762846938776,0.2511883991978794,6,99,13.62669721992432,0.150582230980985,1
cancel_service,0.6123111136687035,0,0.3309610310077,-0.013016379000820862,0.18878813964071872,9,120,1.6024422334718607,0.1282719968824652,0
general_inquiry,0.8928188218750774,0,0.6091531075018655,0.060444545377134035,0.6091531075018655,12,166,18.251925006140816,0.13914936862133948,0
account_management,0.7486454956981381,0,0.19917902434074997,-0.041209325321570324,0.056812419402607534,10,145,47.95864828896046,0.1326279904241413,0
technical_support,0.733007072593818,0,0.3425164624434833,-0.22075736169857665,0.06213785331635463,5,74,42.99901944885481,0.25914243998614706,0
technical_support,0.7372262357955175,0,-0.05545327242672726,0.20160904974620036,-0.05545327242672726,9,145,5.011699251588265,0.10907645930506887,0
cancel_service,0.4402115152013778,0,-0.02439555996971028,-0.08770766764465927,-0.2602599117055996,11,156,5.306386214059591,0.28056241060974857,0
billing_inquiry,0.6207369716886131,0,-0.06385957134720074,-0.006146894261831289,-0.14669414235395908,12,192,8.008831019051144,0.2185417450075801,0
technical_support,0.5398307352877253,0,-0.13492830510551154,-0.018352172970871158,-0.1850756948214417,5,77,14.654999182055787,0.17609463437830172,0
account_management,0.6763921747440403,0,0.6650052279844024,0.13361482597615373,0.6650052279844024,10,154,2.163789747954743,0.07554617013714722,0
billing_inquiry,0.9562127765384946,0,-0.13263757371264204,-0.25265291185220823,-0.6219533672977348,7,96,2.3934498315495487,0.18096162462048834,0
billing_inquiry,0.9477198880111048,0,0.510762298528248,-0.30822567958229574,-0.13596223454925915,9,107,10.412799182964086,0.21589646249935318,0
sales_inquiry,0.6348619065180946,0,-0.6105593185369179,-0.11809447004553829,-0.8527154679562867,7,105,2.5566947701993503,0.3196407676563969,0
service_outage_status,0.9127407234093783,0,0.7300331310434923,0.05330027867009607,0.7300331310434923,6,94,1.164395318802991,0.1471325301465498,0
service_outage_status,0.922534446427863,0,0.20074176611800207,-0.2307187321415491,-0.5310047711544207,7,116,16.76185205490997,0.34137112132960307,0
fraud_report,0.48247810721669426,0,0.182164210784504,-0.09171245866307368,-0.11399423384481921,5,89,11.75240167292109,0.17941399209605813,0
billing_inquiry,0.9071170330543405,0,-0.3898819110602162,0.15384243735653497,-0.3898819110602162,12,140,1.3791377395158437,0.24013378602801272,1
account_management,0.6349522531501675,0,-0.08719052532971697,-0.11440167265017566,-0.43842732925720873,11,174,12.624931666781679,0.2746058582608669,0
technical_support,0.673864831757229,0,-0.22365039397641592,-0.00984931129059357,-0.3030608745561931,11,178,2.4178407653773624,0.20525315658671525,0
service_outage_status,0.608420333778006,0,0.2330129252390563,-0.14141805936459914,-0.12430605207001151,7,93,6.222145313283881,0.23733549212201852,0
cancel_service,0.8263606394158118,0,0.1937724465928391,-0.29937271289371925,-0.7113445846547806,6,76,24.794135899375938,0.40710481207066423,0
general_inquiry,0.625113095106702,0,-0.017739089410899925,-0.08842342941730368,-0.327063275191515,9,120,24.706409898071858,0.2844706894363109,0
billing_inquiry,0.7654321516388757,0,0.08436043151337881,-0.033528862006608255,0.0026824371231127728,7,102,3.508970201582805,0.17085960314479473,0
technical_support,0.987234336416534,0,0.15528205174131204,-0.049246982917968044,-0.018115000889096414,5,66,2.8840916023749825,0.12489597298642442,0
sales_inquiry,0.6960562245790586,0,0.24520369908580664,0.08462324678815,0.24520369908580664,4,80,1.2500235577957208,0.1067774201733285,1
account_management,0.719825679228368,0,-0.09728873820236428,0.27030717752936645,-0.09728873820236428,7,131,12.14077577524565,0.19566307795485405,0
technical_support,0.8701822247129403,0,0.20430175365646688,-0.025040515993421296,0.12266182789474661,7,115,4.585056186120445,0.15079550407996295,0
account_management,0.5768028872527222,0,0.5837058273701511,0.21570037241235515,0.5837058273701511,6,92,67.02966743807389,0.2552222323831234,0
sales_inquiry,0.6063754669654605,0,-0.10680568998174408,0.08260568696760719,-0.10680568998174408,9,123,4.28733768154227,0.15043703893726415,0
general_inquiry,0.43702256358844155,0,-0.47654031989362156,0.14649544646585497,-0.47654031989362156,7,125,8.70531239338115,0.22611352032816967,0
sales_inquiry,0.4625141537242293,0,0.12804526349328654,0.06567610994365707,0.12804526349328654,7,95,7.529899366003407,0.08457917894136567,0
sales_inquiry,0.8260439634428377,0,-0.07620314433919737,0.17837564972846837,-0.07620314433919737,9,151,5.126114430314272,0.17646400199166593,0
billing_inquiry,0.7929900590540194,0,0.9842563509572958,-0.038312583195708766,0.8505533706814382,4,81,6.60111759112776,0.13097054227587385,1
fraud_report,0.7621484148784853,0,-0.1346062603679857,-0.0183525661126398,-0.2610677095773789,7,117,18.68161941835897,0.26991295551237415,0
sales_inquiry,0.9024774421960443,0,0.35249533122685917,0.052036172876765,0.35249533122685917,5,56,29.363074528181482,0.15493655443735932,0
billing_inquiry,0.6031283329309429,0,0.1184232554308462,0.17922349313436953,0.1184232554308462,6,91,1.147392794527867,0.20052943846753904,1
general_inquiry,0.6575167048087255,0,0.13308728074527557,0.1915242992952904,0.13308728074527557,12,156,6.30145419231263,0.17012405882229684,0
general_inquiry,0.7743444029720257,0,0.7149430207591209,0.011719022854587573,0.6980756383447183,12,184,9.071859787727488,0.12225042907971519,0
sales_inquiry,0.8304721039965999,0,0.20726511238212644,-0.1625804310778613,-0.19438243182243153,8,136,1.2666278373429585,0.14762985665959683,0
technical_support,0.7038536270851247,0,-0.4942156638089096,0.001175352824896024,-0.5298833988745378,12,179,23.856348915113248,0.27217295781510054,0
billing_inquiry,0.8900141512893189,0,0.6159718794472964,-0.2801917245405793,-0.07267187461300183,14,206,31.002701397401953,0.28476922555214407,0
service_outage_status,0.6387917100614451,0,-0.5467837600659785,-0.10002792885243189,-0.762779973755762,11,175,27.395565935673094,0.33261327267530705,1
account_management,0.47293732558002977,0,-0.12914041193386358,0.06404937673483853,-0.12914041193386358,6,78,7.512842180950338,0.13520266844203632,1
sales_inquiry,0.5549385363014397,0,0.4372697240090676,-0.25111017443961225,0.09019213211612404,7,115,5.277940953952884,0.2990438496852921,1
cancel_service,0.7650487393179926,0,0.4144797074611658,0.12639760754410778,0.4144797074611658,4,48,7.866338204270146,0.14394051097895255,0
fraud_report,0.527008476403925,0,0.12583586277728867,0.06583636302809115,0.12583586277728867,2,12,29.83688636144106,0.16816385213818125,0
general_inquiry,0.6553659444608344,0,0.2213867603266679,0.05672705528787869,0.2213867603266679,3,33,17.595571394135863,0.14825683580014914,0
cancel_service,0.9391194360384952,0,-0.11483879582644524,-0.08133486353131843,-0.3241544633562391,10,144,10.490025679288028,0.283058519350624,1
sales_inquiry,0.8985719632810827,0,-0.6067847592520218,0.19324404671233125,-0.6067847592520218,7,89,17.705882026018003,0.28208867869412896,1
fraud_report,0.9092758356369535,0,0.22177420912552626,-0.13044096748075032,-0.004899823346113788,5,71,4.676882253866089,0.20520122094780496,0
technical_support,0.8140823301780867,0,-0.07882903674714586,0.01158020061838701,-0.12335527086642817,9,136,5.838125951908325,0.21021506079913954,1
fraud_report,0.683723586315698,0,-0.12668521012405995,-0.11464423956981959,-0.43563944255741155,8,108,10.4089396288003,0.37313102589508035,0
service_outage_status,0.7390809171873223,0,0.05238859735994991,-0.1534705984022615,-0.36779671242242795,6,73,2.565412970809115,0.23504396020120033,0
service_outage_status,0.7293266618306218,0,0.10165315306194644,0.018473796766530996,-0.027315798947185138,7,85,8.761888653403071,0.19066681888149473,0
billing_inquiry,0.5665811322200899,0,0.4749507867678592,-0.1376213440205613,0.3095466602906972,8,130,11.43627223297062,0.22847352938166043,0
fraud_report,0.8056040743490743,0,0.23341960465448197,0.00782699598771154,0.172629135033792,8,131,20.906245177259592,0.18522615643013202,1
sales_inquiry,0.5630365889687556,0,0.8106879388470483,0.015872392695019107,0.8106879388470483,6,93,12.666200865840118,0.10730736157087128,0
service_outage_status,0.46088738323930156,0,0.49066614799125197,-0.014103040096355554,0.42516919131717323,5,65,1.8486668848217347,0.11585707449990433,0
billing_inquiry,0.8473019934459194,0,0.5234211264567262,-0.2152669606120265,-0.06934024125809732,7,108,2.7952697544357727,0.25948304196610567,0
technical_support,0.7010527472486086,0,0.13414855264103526,-0.26922573796077653,-0.4558694107181822,6,96,21.42756971546161,0.37884741133372507,1
technical_support,0.7876399640717202,0,0.29404902354783236,0.03054350140902858,0.29404902354783236,7,102,8.709852342391756,0.1249933125359674,0
general_inquiry,0.40763102174165067,0,0.5325801878514128,-0.06893655224357423,0.3783591244101677,4,68,4.24566312352731,0.11762493507825256,0
sales_inquiry,0.9179851964086072,0,0.21093767188808596,-0.09421226457885683,-0.07233262106483936,4,83,32.97692658331708,0.24929426713518932,0
account_management,0.8460821405396566,0,0.35904559088782473,-0.046126184333179804,0.1957893721036219,5,84,12.641172048096397,0.16772593393234028,0
cancel_service,0.9543477642855289,0,0.12248226123566075,-0.06220549878585514,-0.020888521746436545,9,118,5.323743992318119,0.1809091590217989,0
account_management,0.6987087313563313,0,0.2942755836762061,-0.2122776871592998,-0.32701489566919817,6,84,16.596900504291387,0.3855437666542418,0
service_outage_status,0.8369755483363488,0,-0.10433382362120622,-0.18105536190767013,-0.6456808420783509,17,255,22.670323281281828,0.4183129419089203,0
billing_inquiry,0.6101722986843222,0,0.1428620291357294,-0.21188809582628995,-0.15941918035702973,8,130,5.890909779358612,0.2161811915408016,1
technical_support,0.6993986930387123,0,-0.42601164221510146,-0.22717458972361604,-1.0,11,199,3.333948077279575,0.3408080013652594,0
service_outage_status,0.4868286521041334,0,0.5013905163510656,0.1418973484648181,0.5013905163510656,11,166,9.048728209282869,0.12405842586967311,0
service_outage_status,0.6064545860630676,0,0.02529674607825895,0.1760499330106024,0.02529674607825895,11,160,22.174631854868778,0.15064056091666922,1
general_inquiry,0.7713946988604762,0,0.7706379192982786,0.08760226864130158,0.7706379192982786,5,69,3.9627430044533716,0.16385540613984198,0
service_outage_status,0.4342459020964845,0,0.181282773357562,-0.13994861334464662,-0.22749367011077665,6,105,1.4853446957377434,0.26288408118737816,0
technical_support,0.8419059785846676,0,-0.2061981204168997,-0.10691601283725491,-0.36104882957638285,7,124,4.362515413679345,0.2987246225375543,0
technical_support,0.7614491955137364,0,0.19493524151753883,-0.22190919917674815,-0.27068834665808283,12,179,10.981485471237322,0.22095011933236214,0
general_inquiry,0.6979123794844986,0,-0.4444067711629879,0.2760282155220506,-0.4444067711629879,15,203,27.34477121657264,0.3107581521472445,0
billing_inquiry,0.8606461059908157,0,0.2779768250178487,0.04829476576248641,0.2779768250178487,8,136,17.93287471904984,0.1461841008634317,0
service_outage_status,0.5506543303395796,0,-0.04667151746020887,-0.2700136899485356,-0.4871139067219461,11,185,4.609515491732127,0.276560142222693,1
fraud_report,0.9085492689356809,0,0.07153320445876535,-0.3028642415856692,-0.556853037199333,5,86,1.7182535177456943,0.30868025982145575,0
general_inquiry,0.9053570693858749,0,0.08003784356531496,-0.06786586108294619,-0.11682813906377368,7,102,5.932731929821181,0.17454303893063083,0
sales_inquiry,0.7801134349364931,0,0.4416959442307331,0.014651496588327085,0.4416959442307331,11,169,5.928610107878847,0.1694573388084078,0
sales_inquiry,0.6852835098892841,0,-0.3858673309234246,0.0871170622829951,-0.3858673309234246,8,98,9.077704471346859,0.2291955518697117,1
fraud_report,0.8012787189501942,0,-0.19034328827485572,-0.20232542882685425,-0.5544357436504057,7,90,13.188849769654121,0.29624392552491535,0
billing_inquiry,0.9620620920807612,0,0.0023565125911594043,-0.06745481347421657,-0.20876189098771683,6,75,1.8155491300309539,0.24628132394382796,0
general_inquiry,0.8156072651928984,0,0.14607235326111603,-0.06565109073768824,0.0042505913915073315,10,149,25.52875375651944,0.17860086114385973,0
general_inquiry,0.8076673175010174,0,0.1877610679015623,0.015189337134015556,0.1877610679015623,5,58,5.848134203041489,0.1567430886727857,0
billing_inquiry,0.8028253460245202,0,0.34075825944257665,-0.12181822607632674,0.15663068001181205,10,182,14.620192705760942,0.23286332407040553,0
service_outage_status,0.7513234917314695,0,-0.157529605589001,0.07520659631350063,-0.157529605589001,11,153,23.53158349319089,0.24645353284025906,0
fraud_report,0.5835766395468777,0,0.060633036536887897,0.016740884056670225,0.060633036536887897,7,86,22.8822271412365,0.19763818641868136,0
technical_support,0.8462441558743091,0,0.09209685606565936,-0.14274050583776868,-0.21684082930548998,5,74,2.240674469184415,0.2269037027359867,1
fraud_report,0.9781315369038844,0,0.6875054978618327,-0.015524931931004269,0.5881534421957751,7,112,1.4187479686655555,0.18288177267048192,0
billing_inquiry,0.7698745639918798,0,-0.321113225244665,-0.11136547157349812,-0.6556715468032447,9,132,8.170814477722134,0.36842475142635545,1
sales_inquiry,0.48815015714528376,0,0.009773191572558293,0.025622566927926544,0.009773191572558293,10,153,30.776927211109854,0.16491619459411339,0
billing_inquiry,0.7398615863185417,0,0.6110120766961095,-0.14646989870176239,0.3145288587856978,7,118,8.145506442280725,0.20115954129773564,0
cancel_service,0.8260955307818177,0,0.3170061774142202,0.4706539183321884,0.3170061774142202,7,126,1.8269250579096963,0.14561862632888412,0
fraud_report,0.6638583401628294,0,0.3003252534184444,-0.11409813888753184,0.1340159217012261,9,141,1.3803927523075064,0.18880456902785117,1
cancel_service,0.6603888154942585,0,-0.05131408694568257,-0.1637688658542895,-0.4465110532299698,9,140,2.3368164295134397,0.2952608804320311,0
general_inquiry,0.6984057930852225,0,0.2344992985409482,-0.37670809441262004,-0.3076070219372704,3,45,24.071673673645464,0.5031328198095006,0
service_outage_status,0.744512722849204,0,0.5180258663084495,0.05080143525671105,0.5180258663084495,6,83,12.492093429872456,0.12280379407496572,1
cancel_service,0.5706664992574286,0,0.020147270128946834,-0.19218543127850132,-0.25252751434698195,7,94,0.26772010317619177,0.22246399618141544,0
service_outage_status,0.9863147228019269,0,0.04706173065700549,-0.09086603181086371,-0.23492871836525375,8,110,11.322535487819774,0.16712679947229106,1
account_management,0.449598845612768,0,0.6080171735707701,-0.09998782740240449,0.3576696663413502,6,117,13.246632824413163,0.15728889635914955,0
fraud_report,0.7785914757149297,0,0.07873740477209605,-0.2683058755980777,-0.6159665618791437,4,46,32.06540313834617,0.42822502584267613,1
account_management,0.572956940924357,0,-0.20745712198458652,-0.05703287837409243,-0.417392703256512,8,132,25.07317785441146,0.3564917240265315,0
account_management,0.8438942266749232,0,0.2557221564417641,0.012354807082892837,0.20902133081314644,9,108,14.73648721741517,0.20940799653043607,0
billing_inquiry,0.9306415850985511,0,0.34221008208972403,-0.05935671960652501,0.15309313354505555,10,157,6.598296009244232,0.10979508387750994,1
billing_inquiry,0.8295835825122684,0,0.5231339072515627,0.020850010169249245,0.5231339072515627,7,122,11.62591188796405,0.09152733604480598,0
cancel_service,0.8197445592917391,0,0.009012948957065073,0.05518124906713215,-0.023754610561378273,5,94,21.53105620921123,0.09253141457724438,0
sales_inquiry,0.6788515050738018,0,-0.01808668284826445,0.050142223985153195,-0.01808668284826445,5,82,2.6763721380890235,0.22669657232111065,0
sales_inquiry,0.6562442734661641,0,0.17585619960895532,-0.1786814396796312,-0.0349070915962767,11,156,2.31512023417843,0.17667768494988112,0
billing_inquiry,0.4526112088870366,0,0.4523693852796792,-0.022847389952129257,0.39827197479030707,9,126,44.80691946086025,0.29403366171530937,0
service_outage_status,0.7990016571892197,0,0.2101890443871135,0.17813650040048085,0.2101890443871135,6,74,60.429253487321674,0.24326588400389917,0
sales_inquiry,0.7800343245766317,0,0.10319572356317709,0.09892706777765196,0.10319572356317709,10,140,11.776530089792214,0.22610166579704968,0
account_management,0.6812278242771265,0,-0.016709487661231454,0.31627567000164786,-0.016709487661231454,5,73,15.506852042250609,0.09183816917300688,0
cancel_service,0.7384977150111786,0,0.8139792491520553,-0.11132763622180365,0.4943044003569379,8,115,27.415187989673267,0.23772182608589548,1
technical_support,0.782303053926182,0,-0.24008295005562305,0.026974841099852414,-0.24008295005562305,7,109,4.409591053059257,0.17764506070451333,0
technical_support,0.7007120707950293,0,0.07367867157112626,-0.009922833551902824,-0.0010021715729092023,7,104,10.95532948137532,0.06288570867415046,0
service_outage_status,0.7788103728103382,0,-0.30719548950707254,0.1600630599865301,-0.30719548950707254,3,57,13.409913871146145,0.18465667149817053,1
technical_support,0.884641083076809,0,-0.48635659801341535,-0.11656211378993755,-0.8548308666632818,6,87,32.01557732967278,0.3061526142674824,1
service_outage_status,0.7416823004642058,0,-0.11652574217425946,0.020800166032478248,-0.12487513524271818,9,130,11.027701113786964,0.28742278702788593,0
cancel_service,0.6506512298334532,0,0.3001858099940472,0.03353632738235568,0.26513016383044036,8,137,3.103821778767832,0.22198810790836007,0
service_outage_status,0.9166144994684681,0,-0.2814283258776108,0.03559121632364301,-0.2814283258776108,10,152,5.307147883565548,0.20735129811529251,0
general_inquiry,0.7335703465832325,0,0.49562584855021574,-0.43082171554150006,-0.4329275505389771,9,128,9.078789566762678,0.3802363466502077,1
fraud_report,0.7789108799119506,0,-0.17866396500217865,0.04427243929837506,-0.17866396500217865,9,117,11.511833906555218,0.10977764571951462,0
sales_inquiry,0.6460942902399972,0,0.600817425479465,-0.02790820640062061,0.5312205191441622,10,149,17.47957870277335,0.17080563816049957,0
service_outage_status,0.6179920872689876,0,0.012706622181130445,-0.06429207090800772,-0.2226128936400919,11,158,39.773217967697576,0.30438757502462505,0
technical_support,0.6274421251623413,0,-0.27882513083758076,-0.1733130868965045,-0.6181268666655113,2,30,10.093414683976468,0.2758627955923059,0
cancel_service,0.7177092843167479,0,0.7585972301935333,0.06782293483691229,0.7585972301935333,7,110,11.444947543205153,0.17709853908348885,0
account_management,0.709528598118357,0,-1.0,-0.09270530479273136,-1.0,16,267,9.646214779647662,0.3498615267618741,1
technical_support,0.3259304452849607,1,0.191587974265756,0.07247616137017046,0.191587974265756,7,89,32.61687835161268,0.2568025759665779,0
service_outage_status,0.8576122825969567,0,0.3960892254422749,-0.10241405296630979,0.046913402984362335,5,81,16.76124335040459,0.18013556615242882,0
general_inquiry,0.9214848842213448,0,0.9179292993906586,-0.11391206953585886,0.6512896199335144,10,176,7.219189434147191,0.13322325053555095,0
general_inquiry,0.7379338399742339,0,0.05800932612613346,-0.24606751784517314,-0.5032989074484243,6,91,1.9314884353561892,0.35255406111095944,1
billing_inquiry,0.8654128960903913,0,0.8083190886910251,0.052046172583628064,0.8083190886910251,4,57,33.85494464323169,0.23600244837122675,0
billing_inquiry,0.5482487962617917,0,-0.29298210346703657,-0.1750453498278367,-0.8396309992774837,10,190,6.539897096773321,0.3966486723614069,0
cancel_service,0.7368642957086314,0,0.14849621787081732,-0.3227366128699503,-0.5991356520218892,8,109,11.902212318263715,0.41260588978527546,0
fraud_report,0.6812308568241648,0,0.40008044997852765,0.026066254387363253,0.40008044997852765,9,143,16.308826096703648,0.14123811216382992,0
technical_support,0.6981946496078931,0,0.33396719989868173,0.15635281048465247,0.33396719989868173,7,122,36.57289603309021,0.22657207272673954,0
fraud_report,0.820704204872735,0,0.0839503768786684,0.08733070775559991,0.0839503768786684,6,83,7.859299984640984,0.1266042821857059,0
service_outage_status,0.833465238785706,0,0.0863895989267699,0.17439290324263973,0.0863895989267699,10,156,23.47579662444611,0.16980268407156474,1
cancel_service,0.4931198607914971,0,0.3682457242025683,-0.0999103509552912,0.02217539988451775,8,121,2.0028432261666445,0.17876921370726334,0
account_management,0.8161424382038597,0,0.16844555941250827,0.04385718918773614,0.16844555941250827,7,109,22.143132468132862,0.19466535701207854,1
service_outage_status,0.6395366022721847,0,0.16657953757929117,0.03357128866433087,0.16657953757929117,11,156,21.7595338001109,0.21185870360950215,1
account_management,0.869661859058075,0,0.6364462446725143,-0.2019335951812784,0.06834203333206271,9,140,18.16279146925054,0.25933334094731203,0
fraud_report,0.7247069057343151,0,-0.18648764604450588,0.023325752748906397,-0.2903799944649025,14,226,58.5718362774447,0.4371461100810855,0
service_outage_status,0.9857289403760348,0,0.5603358996608234,0.03458305057323596,0.5603358996608234,14,208,19.288356541811137,0.22145460595262806,0
sales_inquiry,0.9264641261780763,0,0.1926187301113282,0.10745053786727406,0.1926187301113282,8,134,9.691784068305477,0.14222318480686558,0
account_management,0.8989392893778746,0,0.5051254820781493,0.04460788847049767,0.5051254820781493,6,100,19.41337586177716,0.16992297311913235,0
general_inquiry,0.8844619439404838,0,0.11292618847502994,0.1856116761212467,0.11292618847502994,5,94,17.764382283227512,0.07955433212430345,1
general_inquiry,0.6742354143097616,0,0.5593981194321404,-0.1508577662440689,0.24472179502678704,5,90,8.631603098029398,0.20720331669798533,0
account_management,0.37570148245227075,0,0.14670403514902658,0.005594062542862231,0.13891028943934278,6,92,21.267230190353423,0.11577902731435473,0
service_outage_status,0.930980736275565,0,-0.08800348760613905,-0.22911737656301215,-0.7404508145515826,4,69,8.874247332805984,0.3760567958672758,1
account_management,0.656735971348579,0,-0.4317194891687197,0.0019355585448261499,-0.4737002143892287,8,99,15.989660527966027,0.26169109214778663,0
cancel_service,0.5984780667739351,0,0.08531712175240187,0.1313667859382583,0.08531712175240187,12,201,3.9042487341860546,0.18415469925320707,0
general_inquiry,0.8252533008557941,0,0.4130072722689593,0.2130347002741345,0.4130072722689593,5,91,8.492692178266743,0.16188108055721845,1
fraud_report,0.7918994059662009,0,0.154170394098212,0.23771499943597332,0.154170394098212,5,80,9.037271943127658,0.17535449816293455,0
sales_inquiry,0.9629550059715875,0,0.058684633984577975,0.11436707665558853,0.058684633984577975,7,90,11.414148234357667,0.19619082498684506,1
service_outage_status,0.9666443562007585,0,0.01729113457924243,-0.0005326516307235067,-0.07285753818984317,9,151,18.615939160177422,0.15947999895592016,0
fraud_report,0.8472061122033155,0,-0.8915026071603338,0.06524669634488187,-0.8915026071603338,6,87,33.48477636112706,0.41273553297964,0
billing_inquiry,0.6625309209652123,0,-0.5562938441147298,0.08568646255863271,-0.5562938441147298,14,229,7.913427145828599,0.19939588454443646,0
technical_support,0.6958030243084102,0,-0.19300162212957964,-0.08014977182035767,-0.4963489445080662,7,114,25.955153393355,0.2271200702966465,0
technical_support,0.48004973672729,0,0.1317984252365798,-0.40890747731034033,-0.679479294930363,8,122,3.643600150949028,0.46111088662351396,0
service_outage_status,0.8341402526248799,0,0.7969255384784933,0.02611161497410353,0.7969255384784933,5,67,0.3334774912757407,0.10371601781340141,0
account_management,0.8419616527064803,0,-0.4806821655061595,0.09726103420717258,-0.4806821655061595,11,163,6.328723284703076,0.22743222514028155,0
billing_inquiry,0.745256935549679,0,0.2146374189175707,-0.11548539910697525,-0.043809261252117745,8,103,18.73081266702878,0.1269178639124554,0
service_outage_status,0.7844046867440152,0,0.785752128142641,-0.05452042896674565,0.5689239585650374,13,205,3.112055188222591,0.19157654884779143,0
sales_inquiry,0.7201737784469763,0,0.4034912082617338,-0.0164203368215627,0.3295172401042433,7,94,6.027998740315511,0.2129415365761474,0
cancel_service,0.8777481525639461,0,0.19645587680000884,-0.06014405973441178,-0.016258742697319306,10,162,7.8939251987085886,0.23369672561039373,0
sales_inquiry,0.739353792022269,0,0.34897641870378604,-0.1931902869907624,0.08258797344698962,11,175,5.240698859963893,0.24492205361408664,0
sales_inquiry,0.8580395758245493,0,-0.26799204442947866,0.12654462256430687,-0.26799204442947866,7,88,10.622650855617714,0.25568209305308714,0
fraud_report,0.7874517485193027,0,0.5753399682421395,0.03319317411625339,0.5363160852544493,9,143,0.6358246619224319,0.2766047545905896,1
sales_inquiry,0.8560093609304913,0,0.1573204674590784,-0.2861145045926456,-0.7231305313179655,7,91,5.925606707753997,0.3551299575834707,1
billing_inquiry,0.44307565359468803,0,0.1096309625935647,-0.22723687602936166,-0.6177250512499076,14,216,15.478324950709311,0.3896336623947133,0
billing_inquiry,0.6365355303477533,0,0.16706058589068074,0.1658758093132044,0.16706058589068074,6,89,7.151258426429717,0.18711004847452542,0
cancel_service,0.6982855134151134,0,0.36909175139909833,0.0019197461435422232,0.2486165559645216,6,69,38.640090418298655,0.27750741477169455,0
general_inquiry,0.8403480083238766,0,0.5042096081306852,-0.08296765662752241,0.3182346318611017,9,134,28.664915387009582,0.12958586484352094,0
account_management,0.6047388570915379,0,0.4011207291767085,0.14078544342739868,0.4011207291767085,8,100,7.282989854654403,0.20484039623260755,0
technical_support,0.4815066638231999,0,-0.28277773959564134,-0.01916887358123035,-0.35626177029345885,5,65,3.597837240250841,0.22165588415905277,1
account_management,0.8108509405629395,0,0.6949962311689981,-0.19221999422066896,0.43328320025827055,6,91,28.562251352837976,0.2736502010758072,1
fraud_report,0.8685136515182418,0,0.005848002874803956,-0.0415358969957246,-0.21810599077907716,11,180,18.43321763576336,0.24967612200789308,0
technical_support,0.8125077776153837,0,-0.04322171168427405,-0.08806366021441192,-0.2720107818769499,9,111,0.8790087005759801,0.29123748144166556,0
account_management,0.9436620483674879,0,1.0,-0.4259506294130124,0.34065779602928375,10,135,9.585318744380581,0.2820397551117653,1
technical_support,0.8870546769992369,0,-0.09927696937374803,-0.183085298238253,-0.49860736591527044,8,125,10.33549743648157,0.2833723878941879,1
billing_inquiry,0.26696815874921775,1,-0.13407363061066632,-0.2295309363924179,-0.5003640513357089,7,110,24.38520768480681,0.45360028085144155,0
billing_inquiry,0.6738525472216227,0,0.36426916520090036,-0.02232061442552032,0.22183705093420655,9,144,8.28006122589791,0.27128247777420206,0
general_inquiry,0.5412898331790922,0,0.06207657624400459,-0.2051753419688917,-0.6476817697419646,10,161,0.5201198235529378,0.3606682368724799,1
sales_inquiry,0.7206372541676922,0,0.23982317945282405,-0.08929895035313914,0.0344161130114137,1,12,0.9939229312187873,0.14907634216834917,0
sales_inquiry,0.38907560501582605,0,0.20923764225262045,0.15581693912150427,0.20923764225262045,7,119,10.822046123886777,0.13664962270647313,1
billing_inquiry,0.5930314642803612,0,-0.4170539207991566,-0.08293757639765022,-0.5005018744886526,4,69,8.155719946897982,0.2491869369666122,0
account_management,0.6703093776092695,0,0.04552011648640865,-0.2018476142437936,-0.25184151964854384,7,98,5.080123871754501,0.3090512442889071,0
sales_inquiry,0.8811361199614796,0,-0.32671169502295994,0.18360063759997095,-0.32671169502295994,10,138,20.388456533568913,0.16555373232402765,0
technical_support,0.8812716310793653,0,0.14621980926578587,0.00847545915287155,0.13649103197142837,8,174,10.727279682853283,0.14761719087455377,1
fraud_report,0.8109275139103203,0,0.7892359579090038,-0.05307118738794776,0.5684813090901726,16,217,0.04445038174966106,0.27483503822996547,0
cancel_service,0.6795233742515635,0,0.38281629003875983,-0.26076998021876263,0.053644319712174635,8,131,15.090023024902688,0.32930699569197286,0
billing_inquiry,0.7078008550696312,0,-0.08384603442957025,-0.2019553377798061,-0.6240953334639434,7,133,5.811777699752541,0.36413667330965094,0
billing_inquiry,0.7437711532204107,0,0.5244361030410318,-0.12327183662986911,0.22353014370199292,13,203,9.303166512998938,0.2714055847784315,0
service_outage_status,0.8306021200623086,0,0.25189715025118425,0.16587399976306522,0.25189715025118425,6,89,22.26498732073309,0.10987830031188096,0
billing_inquiry,0.541920909531823,0,0.24058594463279226,-0.028476342108543686,0.1545125478691885,6,112,29.292998387623072,0.23234656102165244,1
general_inquiry,0.4720098377396683,0,0.48919577497968303,0.045237951927991946,0.4789090795866485,10,159,5.706163408911408,0.23671317474821188,0
billing_inquiry,0.6864771632945758,0,0.023910832670760454,0.030715888225949523,0.021443282647809134,10,159,4.193440989779491,0.22148434465438266,0
cancel_service,0.8890409495232509,0,-0.06619706569567832,-0.16288049994435283,-0.49778325578869465,10,149,3.8158584762161203,0.3482477606571158,0
account_management,0.8492445740373552,0,-0.8366772163425783,-0.18823865174796856,-1.0,7,115,3.628302477547959,0.345329736610089,1
general_inquiry,0.7818375563028245,0,0.844996868820949,0.05075509975939459,0.844996868820949,8,122,21.623463779980774,0.26482400791825367,0
general_inquiry,0.8441531654541117,0,0.010031884997603074,-0.05676013573900478,-0.15738016541815303,5,59,4.712133365552003,0.18010772705382577,0
cancel_service,0.7607538574164233,0,-0.010961433902464998,-0.40398748494537456,-1.0,11,158,2.6043818850176113,0.5034809222861832,1
billing_inquiry,0.8000097656721608,0,0.12285104538142436,0.010106028724240167,0.0947141924987959,7,121,6.601514977968017,0.1021965833783231,0
fraud_report,0.8548210885666063,0,0.0722294532724462,-0.1389580664195863,-0.2712025399053127,5,59,2.783343571740014,0.15384968257042653,0
fraud_report,0.8036246281563445,0,0.7188505118171072,-0.24219950911252053,0.07359155598631961,16,246,6.899295085845096,0.39705674597586355,0
account_management,0.794012384756029,0,0.184444297448452,0.1671139505235521,0.184444297448452,9,143,37.610647664302675,0.21738961817627941,1
fraud_report,0.4743945478574684,0,-0.30918606648896074,0.007129513698224718,-0.31693053025230217,14,177,10.064548607204472,0.3328167567268996,0
fraud_report,0.7697594973355452,0,0.031111944762360788,0.045158878987720044,0.031111944762360788,6,98,0.12943260987129526,0.2028687763111673,0
technical_support,0.7911965023281523,0,-0.05834735783310896,-0.08038844041319108,-0.2288462321091485,8,131,7.4694880732089395,0.20123885672683775,0
account_management,0.46588314812029985,0,-0.9398137993480954,0.07619555721359914,-0.9398137993480954,3,57,22.082204021587444,0.3261280206507094,1
sales_inquiry,0.7306259687906883,0,-0.37402961732130235,0.27645831052467984,-0.37402961732130235,11,161,4.674338969288706,0.28523373756974946,0
account_management,0.860582018260971,0,0.2317270927781737,-0.14478304244957235,-0.051070909725014754,10,144,17.437018020290537,0.15044180204220722,0
sales_inquiry,0.567972127883999,0,-0.11979487102438544,-0.18620608196692562,-0.4607145301931058,9,145,5.004627106601727,0.2594359059243888,1
fraud_report,0.8342114643195844,0,0.19762409039270712,0.05549760460812811,0.19762409039270712,4,66,14.42070789098159,0.16848888006330223,0
billing_inquiry,0.3909310776098108,0,0.8024752272340557,-0.19436991279879146,0.23077105387775754,11,161,21.14339776792521,0.34332539100532,1
service_outage_status,0.6020584170499826,0,0.3271617253978133,-0.32696445493225734,-0.1848185156686794,6,89,10.99792008591048,0.3180246340493659,0
technical_support,0.6926038759518295,0,0.2916496871852343,0.19260000751515266,0.2916496871852343,9,135,17.228276103442173,0.20356034314689175,0
technical_support,0.7187127682584333,0,0.5686098036739108,-0.19950501763767728,0.0982337103610029,4,44,11.668806496870163,0.22496747337421769,1
fraud_report,0.8919600663711222,0,-0.15173784422575862,-0.4325222738007723,-1.0,3,49,15.32177153728904,0.5472032756678641,1
service_outage_status,0.38033021248477417,0,0.3210404721418467,0.15875071534369564,0.3210404721418467,3,28,0.909233086199728,0.16626692739619986,0
fraud_report,0.686004152767656,0,0.5980770615074921,0.29773147186452953,0.5980770615074921,16,228,8.134824057505519,0.2746355781188363,1
account_management,0.4452306564352616,0,-0.4288535592333198,0.09940759262294915,-0.4288535592333198,6,66,26.05116802188137,0.18284152960033395,0
sales_inquiry,0.5695597275346092,0,0.09199318798762983,0.14731039946454183,0.09199318798762983,11,174,0.25386412314572776,0.21931142505149254,0
general_inquiry,0.7928263034265816,0,0.04415604061368812,0.03021173603391888,0.04415604061368812,9,156,8.470032768475223,0.10568761764667357,0
account_management,0.683044259851358,0,0.07096522107711334,-0.030286620358802727,-0.021802574134622867,13,163,18.472251584056323,0.28915847686220625,1
general_inquiry,0.6613505592960451,0,0.34578794692177706,0.12174272877538196,0.34578794692177706,8,121,21.98543497415058,0.23168529029264878,1
sales_inquiry,0.7380618437027605,0,-0.026261483536245522,-0.002628097561686086,-0.14590354494362567,8,129,5.765652535466898,0.2795302788615488,0
fraud_report,0.9246219552350223,0,-0.37835145130861436,-0.049515198322630447,-0.5795953997345773,8,121,4.351213946721174,0.3708657946788947,0
service_outage_status,0.3532942273354635,0,-0.2298218568531614,-0.036568101696157096,-0.31372547968286535,7,115,12.25849072143434,0.18272650464942747,0
billing_inquiry,0.4747426757040954,0,-0.31982993061398257,0.08141829029501119,-0.31982993061398257,8,121,3.830404548328831,0.1961270278900176,1
general_inquiry,0.8599457268592747,0,0.9746832643727494,0.1415901855575032,0.9746832643727494,9,143,15.65998249116594,0.20413858113940658,0
billing_inquiry,0.9000963511773684,0,-0.15243978001764782,0.00453370170929018,-0.15243978001764782,13,180,6.612278957075384,0.1310771226345647,0
cancel_service,0.7602828266946793,0,0.1313345839812505,-0.04453661030334761,0.020659510905564987,7,102,1.3400199947924973,0.27063150962016824,0
account_management,0.7572540141547389,0,-0.5216315284082486,0.01790447331664149,-0.5421892309290566,7,123,17.76010948944368,0.2660911356517086,0
general_inquiry,0.5834508347240027,0,-0.30249665986849106,0.09435138391471738,-0.30249665986849106,6,90,6.562612657805024,0.11646318095452325,0
account_management,0.7859451676255482,0,0.14895292944192642,0.11904256269559292,0.14895292944192642,10,179,8.892904937167422,0.22314884351597278,1
sales_inquiry,0.3635749458291882,0,-0.39007370293246013,-0.10793010148684606,-0.7557696607697393,11,175,11.36746127938542,0.2816388516898029,0
general_inquiry,0.772274948035888,0,-0.6168131423535315,-0.09055445204608921,-0.8538736800036081,6,100,8.429523381824003,0.33252762326585505,0
billing_inquiry,0.8521155438848647,0,-0.09133495539654432,0.15386446661412762,-0.09133495539654432,5,73,31.523093419224384,0.1760762808709966,0
general_inquiry,0.7780472667213406,0,0.19297104562460665,0.1589279072429064,0.19297104562460665,3,42,0.6371858605306233,0.13153186581164847,0
general_inquiry,0.6644026600082803,0,-0.29479654227101515,0.18045771061478824,-0.29479654227101515,7,99,25.372141841313073,0.1948369916456587,0
service_outage_status,0.616443977456217,0,-0.3673057477272207,-0.017635446537231182,-0.4809114449520021,10,159,4.458445495086338,0.2709590055575873,0
account_management,0.41602260329959473,0,0.42209785189120885,-0.014727413091423655,0.3939010242320024,5,60,4.7474071318209985,0.043658232351605514,0
service_outage_status,0.8210296343936929,0,0.09707354692202103,-0.08623672030219942,-0.06147442597437053,8,136,9.179917999880127,0.2733740750230785,0
sales_inquiry,0.673337059671061,0,0.182742926910317,0.016927042348815282,0.11583112555391112,9,104,2.2862188037336124,0.05566328728127333,0
account_management,0.49172327295115287,0,0.2193638406523823,-0.16834569445706818,-0.26900266752541035,9,140,37.8700440444706,0.26066738412238866,0
fraud_report,0.7648858651322483,0,-0.10134001153886074,-0.09512617347927992,-0.4217658456849545,11,176,12.236268282629661,0.28974989982441374,0
technical_support,0.5945048746375284,0,0.047558857617881395,0.0634266633596518,0.047558857617881395,8,116,0.6287767784689243,0.1205251317454975,0
account_management,0.9297427242522429,0,0.5507945009124485,-0.0377846229457151,0.41862897047261816,6,93,1.882806086666303,0.1333530651822601,0
technical_support,0.644199300624464,0,0.5810110270591607,-0.22459956289655686,0.24032788991877704,10,169,1.8805397129930557,0.29078045375236394,0
sales_inquiry,0.7933461352646766,0,0.3665337582964937,-0.023441805444078114,0.29717668353820204,7,84,7.022162862111808,0.06488678419679757,0
service_outage_status,0.7473019970981055,0,0.5858735395571727,-0.07189274452498162,0.3162459743297869,5,76,6.020128726684142,0.0889652842981046,0
general_inquiry,0.7610849878591186,0,0.1546298069965653,-0.029706289236466572,0.056283006218812784,10,175,43.20698701604144,0.3170999661598027,0
billing_inquiry,0.8351349263645125,0,0.2688381062180685,0.05970751127058292,0.2688381062180685,6,82,1.7345627716848395,0.04918781478972972,0
cancel_service,0.8176917836131741,0,0.15334085663852626,-0.08205544700312344,-0.1678476554122704,12,183,1.727613447405702,0.3407450859822408,0
general_inquiry,0.45541298947967523,0,0.319912104392877,-0.03818222070854295,0.21153479351309773,8,128,9.66560012653583,0.2005495751358737,0
billing_inquiry,0.8179415560541439,0,0.9439941656333449,-0.24900434232829502,0.38041555397610594,13,196,5.742204674152197,0.22449778131458414,1
fraud_report,0.6419632254517541,0,-0.36960333040905724,-0.39821874058946677,-1.0,9,123,26.686124728082888,0.47116506312628725,0
general_inquiry,0.8454770184024776,0,-0.3518485582961327,0.028401465480545302,-0.3518485582961327,10,131,9.405504878413593,0.26326896601726374,1
technical_support,0.8251413176549628,0,0.1403126915800926,-0.19189063525101444,-0.6146106472305025,9,149,24.725633376258937,0.3814151046469263,0
general_inquiry,0.762951411225482,0,0.671191907643381,0.1565867999243645,0.671191907643381,12,177,10.77836621420156,0.19938876763999788,0
technical_support,0.9027106277238761,0,-0.9605457919525587,0.053800926068252514,-0.9605457919525587,6,92,3.628795183437679,0.20156154837472529,0
billing_inquiry,0.9182926750032522,0,0.5303077974828602,-0.0870323602411963,0.2762967522744156,8,109,13.248601054399133,0.15581662387913867,0
technical_support,0.837717042028309,0,-0.12280903802721627,-0.024921246466999638,-0.2870447107948063,8,118,14.269133089579565,0.22085599765615288,0
sales_inquiry,0.8866770383630166,0,0.2883417977654096,0.010123318819250781,0.1824919226249935,9,151,4.572877827783631,0.13436078630436432,0
technical_support,0.4479123168307212,0,-0.2559286544874594,0.06511696455556885,-0.2559286544874594,9,131,5.036295180017574,0.16964325739656713,1
general_inquiry,0.47400637837916687,0,0.9373946615083218,-0.2334888236530273,0.4341651415148652,10,162,12.086120259207737,0.2942230621942799,0
cancel_service,0.7693467454169449,0,0.6189215041922005,0.4650240494872768,0.6189215041922005,4,55,8.335182456970843,0.25470565179156784,0
fraud_report,0.985007873194715,0,-0.35378357129840377,-0.025813349606731862,-0.45300886400703255,8,114,17.872685433742017,0.26375964636294424,1
cancel_service,0.47452169779909203,0,0.5195917062223011,-0.1579984778252865,0.022467360211512237,5,61,7.790204613796993,0.23914807328131257,0
general_inquiry,0.8310594079579514,0,-0.8586943077788961,0.09960474837992207,-0.8586943077788961,10,131,6.923882024842749,0.28261635498222604,1
cancel_service,0.46659486335331574,0,-0.05308489304918179,0.001879064623706312,-0.07891472597183218,6,77,19.26591814632431,0.26102657246510924,0
general_inquiry,0.5729581838919837,0,-0.1707233207194783,-0.04613105705394661,-0.3249284586876467,9,144,0.3007103055757228,0.2938384848718743,0
fraud_report,0.8841656008519757,0,0.008406008418780211,-0.25527617570563926,-0.3881005704859344,8,122,8.015859447214039,0.3257261522275303,0
general_inquiry,0.7695270066044911,0,-0.0657028096619322,-0.16684475431456108,-0.38542745007102375,12,206,1.4278804862832912,0.30004983797710094,1
cancel_service,0.6052206092853699,0,-0.20088389265722242,-0.2676210894085374,-0.5014849495326056,5,88,30.54388971750733,0.3872241756985301,0
sales_inquiry,0.5691408827392765,0,0.39160690114501595,-0.022142091859540018,0.29238828791965155,5,64,7.051236741604186,0.1313573523522937,0
technical_support,0.9212193589762152,0,-0.017126199594525257,-0.08832801858149728,-0.2970912058813011,13,185,7.688958292618604,0.3069725142654663,0
cancel_service,0.6301546863514749,0,0.5572302354022626,0.38529519014108254,0.5572302354022626,8,94,0.19060869585237275,0.16654205624036467,1
technical_support,0.8337847287631903,0,-0.3176824603518944,-0.18213166246485407,-0.7764978227287865,7,109,15.042850101022847,0.34728110832244186,1
cancel_service,0.5955492273754377,0,0.48233342923235334,0.08968456028203628,0.48233342923235334,6,96,9.052925709477044,0.19781386883127788,1
sales_inquiry,0.7841920798344277,0,0.8480194033824858,0.08979420075775942,0.8480194033824858,5,76,26.558823656571796,0.1127390062690272,0
service_outage_status,0.7398422807134009,0,0.7476939213572539,0.09068088859481374,0.7166554883530674,6,85,21.387884940764152,0.22061729694976562,1
account_management,0.5446479547916555,0,0.2698048537725364,0.08913803611655254,0.2698048537725364,8,146,6.049334100996162,0.1470034796991355,1
general_inquiry,0.5855899855534574,0,0.31697693514396974,0.019189658129378836,0.3069790104907081,8,116,24.500899662461226,0.17290921324244504,0
billing_inquiry,0.8683465771037786,0,0.11664413947840568,-0.04006217326380154,-0.1446311238468572,7,107,1.439797893739868,0.20735543874199275,0
service_outage_status,0.6493932543689522,0,0.30506261294551007,0.13480196465191313,0.30506261294551007,8,101,31.53193737597083,0.1819910649793874,1
service_outage_status,0.8348811057337646,0,0.5011639475792312,0.06640261217266964,0.5011639475792312,10,112,2.8728681540524437,0.18280303076809257,0
fraud_report,0.81994518098004,0,-0.07603186870019957,-0.21820225779892555,-0.42418517598884325,11,163,6.055303036849884,0.3148352872076853,1
billing_inquiry,0.6159408225498784,0,-0.038515856130863085,-0.26810992478910345,-0.6759849653365332,6,79,4.273133919877467,0.32136546176519876,0
fraud_report,0.9123362749685132,0,0.7032308738176379,0.2886703351878103,0.7032308738176379,6,101,23.238539226196526,0.2166660329432994,1
cancel_service,0.40329525062954674,0,0.0611937369811017,-0.2372590059702258,-0.29145495231896357,4,51,10.527583435146298,0.30087186555371276,0
cancel_service,0.9327363242533303,0,0.4483810069005937,0.09375313503166031,0.4483810069005937,9,104,30.796349415891104,0.3047888102752234,1
service_outage_status,0.6845792931482272,0,0.7934092153768443,0.07546006531418935,0.7934092153768443,1,14,0.14182059399453736,0.15898278488597536,0
billing_inquiry,0.7542664938650476,0,0.5148539754701144,0.16896667853553587,0.5148539754701144,3,37,6.083545011884301,0.18627381581501845,0
account_management,0.7071961750408632,0,0.38960132341473985,0.18596321989092315,0.38960132341473985,6,90,0.05041079396111876,0.2034507085938092,0
billing_inquiry,0.38175599630426643,0,0.2601577600182897,0.09178104664471098,0.2601577600182897,11,156,6.01621108115049,0.2276597637464352,0
cancel_service,0.9714767181969118,0,-0.6354377566996251,-0.13325045340497063,-0.862908080748628,7,95,41.11333299286513,0.38686359244556723,0
billing_inquiry,0.864917018031568,0,-0.600446344594239,-0.18835105561288343,-1.0,10,134,31.62411207448892,0.39982283952893705,1
service_outage_status,0.670498683449882,0,0.16466836962289244,-0.22268776161445297,-0.380848212910438,14,201,6.582390985916432,0.3331543390191817,1
general_inquiry,0.7837562404744928,0,0.14310483547052838,-0.10943156250123823,-0.28629591752072375,8,110,2.5453957408063026,0.20614622654223108,0
fraud_report,0.7699413581895033,0,0.07614894704383438,-0.08705464364406894,-0.28311146594697656,3,35,6.383875270201949,0.2695376178064485,1
general_inquiry,0.8708373735874793,0,0.09635181898948977,-0.07786745898811467,-0.08786985416990332,10,133,3.212210915653546,0.2149574169906926,0
sales_inquiry,0.4767793573077298,0,0.10299185857161892,-0.16140040282191184,-0.21593852590343215,7,121,13.458158528460972,0.24426351624110712,0
general_inquiry,0.9781242869142079,0,0.06820144972205834,-0.22572517121662233,-0.6002163471374569,8,115,9.354662129704503,0.3675558623279852,0
cancel_service,0.730689064267033,0,0.813393948074744,-0.1308078705281673,0.4484447170375239,8,131,47.19840562936132,0.26424015590339744,1
fraud_report,0.5178738010020137,0,-0.13893800557199307,-0.07367937455948777,-0.3147258870016379,6,92,16.90130490270323,0.2674345184211184,1
general_inquiry,0.650801409697182,0,-0.20201181501793378,-0.04539915451527101,-0.3987041333338286,8,117,15.358578236198362,0.2039775102599752,0
sales_inquiry,0.6546345193422273,0,-0.8088735201743407,-0.033752239256980024,-0.9308274425510964,9,146,6.289981286180735,0.3541708542782833,0
general_inquiry,0.3923764820723422,0,-0.1696796072791937,-0.26605430608396696,-0.8314168295593416,13,198,40.815745119017976,0.44783985822667366,1
technical_support,0.9089581164468626,0,0.511247638390444,-0.18704557334765082,0.014870791708418013,15,221,51.55373538888724,0.40255742892777874,0
cancel_service,0.48346666781033687,0,0.3790752156056335,0.02356358369440475,0.3790752156056335,4,56,18.583224798206025,0.21479958420247008,0
general_inquiry,0.8627236332650047,0,0.14558443153489842,0.14879016192814762,0.14558443153489842,10,165,45.647374683207005,0.2510389907622735,0
cancel_service,0.42184195462076823,0,0.518412933020545,0.0028327223944618236,0.4572294715549009,9,117,4.4462439750788825,0.22821011850936015,1
technical_support,0.5021294552902962,0,-0.4176430260090166,-0.16278866239907364,-0.6779830007356056,7,84,2.5347659938985445,0.3931645402269215,0
fraud_report,0.8565719900708184,0,-0.49259398687701184,-0.0882654817792035,-0.7648874577403655,5,74,12.29913017365009,0.25711326838420046,0
billing_inquiry,0.8955503617944969,0,0.2199409376696315,-0.04299555730072696,0.05793552862154554,11,175,3.9460024417971598,0.10547080554463723,0
technical_support,0.5587481055924022,0,-0.48311935123110616,-0.05481171130375656,-0.6819275331303983,8,111,34.1405782357453,0.3080439132682911,0
service_outage_status,0.5994556972495213,0,0.2208853854319979,0.01605832337568987,0.17011404955109982,3,58,2.458823906945543,0.09561971429629042,0
account_management,0.6973386129313384,0,0.4852563892700211,-0.03100321918651624,0.2808175552456875,15,225,22.023998669272455,0.25343112574158405,0
fraud_report,0.8894244911764035,0,0.416603268778608,0.15327121992922657,0.416603268778608,5,73,5.4246053476822915,0.19153617378233437,0
billing_inquiry,0.636804105823555,0,0.3652865558817132,-0.07053213850927376,0.16602936272098862,13,217,8.24475441713102,0.25355745321440015,0
sales_inquiry,0.6228008844303664,0,0.30021677175193495,0.19466995225438724,0.30021677175193495,9,114,5.092070291012777,0.09026451660389143,0
service_outage_status,0.616867898448706,0,0.04234633969349803,0.3037935590351285,0.04234633969349803,8,110,28.547081350391007,0.06601104102178776,0
technical_support,0.6162811011507227,0,-0.08342030377036277,-0.05519270577813466,-0.24232896181891309,10,168,34.02698087239497,0.3011602603510637,0
billing_inquiry,0.7773486517819956,0,0.4355174793471315,-0.29859698955905345,-0.3538403501879912,7,93,1.8395609771007786,0.42148785304926095,0
technical_support,0.8462550463615889,0,-0.20965317673975384,-0.050557667090443646,-0.2892586776244636,8,138,13.864400197114396,0.24045538456419532,1
cancel_service,0.8180367812243207,0,0.11514865183599111,0.004707590495504926,0.03698193579321567,6,95,1.1376993781459679,0.18396979244782952,0
account_management,0.3478545573673976,1,0.5696797382576603,0.14993427578370438,0.5696797382576603,8,115,22.5836781255114,0.4106002479008451,0
fraud_report,0.7374011386100235,0,0.04589197737349986,-0.04712541781094226,-0.0787652390298504,7,133,23.326778168001358,0.2229371519452053,0
cancel_service,0.8908875672077519,0,-0.08236296806986296,-0.14636659323960563,-0.3930408432351107,5,92,0.6501670733326832,0.3898470294579594,1
service_outage_status,0.6667755592301974,0,-0.26859310867242236,0.06726374545314412,-0.30786842122492386,13,209,31.487778650313338,0.4151518137112013,1
fraud_report,0.7369890624262906,0,0.9412558133562003,0.14002180394001293,0.9412558133562003,4,70,10.162220907831486,0.16575086147813956,0
sales_inquiry,0.9049144945813501,0,-0.08289808205643656,-0.08158398707516029,-0.2178247156120258,7,110,3.981131136699351,0.2699861459872087,0
account_management,0.8539128180737843,0,0.20283007946997197,0.057970563033344996,0.20283007946997197,7,77,18.58684506263049,0.24922521766301814,0
cancel_service,0.8986423688309999,0,0.27174500335731117,0.234365789594116,0.27174500335731117,6,88,2.2460429855797166,0.17732277583440084,1
technical_support,0.8893518489872947,0,-0.43911590007222423,0.01859138726363121,-0.45022536288168363,10,132,4.896670504803285,0.1681294469698898,0
account_management,0.7788311375587885,0,0.13884416416926526,-0.08330606517594022,-0.1951192761339004,7,110,3.504417797598085,0.29187037675472416,0
billing_inquiry,0.462191270393601,0,-0.6866478099555501,0.3051271714843241,-0.6866478099555501,4,43,5.209261698843692,0.18188467803101382,0
sales_inquiry,0.6983215330199547,0,0.31037529864100066,-0.08915359274931725,-0.04078471479600597,7,99,3.1691116294319244,0.23994475504888405,0
fraud_report,0.9511602524763787,0,-0.8133377378498108,0.09789774626999999,-0.8133377378498108,8,120,75.3753103795134,0.5070855080235752,0
service_outage_status,0.635918564380583,0,-0.21705097385806424,-0.22639027259910496,-0.8654028454286351,10,115,5.956217133236208,0.46876470971006107,0
sales_inquiry,0.8535052015536839,0,-0.16331575625044173,0.08864040080766176,-0.16331575625044173,6,83,40.36871954335438,0.20467601347146516,0
service_outage_status,0.8505423349751119,0,-0.36187226540197226,0.07821716286571216,-0.36187226540197226,8,99,7.4502407722666835,0.17553386738433938,0
technical_support,0.8029221098406956,0,0.5146554338364048,0.047529095846714955,0.5146554338364048,9,130,0.06044752988097808,0.062198160041375156,0
technical_support,0.6915020542109618,0,-0.24979998100351283,-0.19173090884507688,-0.8135107156333998,7,99,7.801031921461876,0.4042058799005349,0
fraud_report,0.8400849233524472,0,0.4176233858108487,0.05078650067368204,0.4176233858108487,8,118,3.970327548232773,0.25452571082438663,0
service_outage_status,0.45643471983664335,0,-0.3957938352412119,-0.32691154563521546,-1.0,10,146,2.7765054217700103,0.44401693224198613,0
fraud_report,0.8074394322399635,0,0.7365623246888948,-0.023063266972433424,0.6159100301527529,3,55,0.22228610364853604,0.18998907536493662,0
billing_inquiry,0.7447400672280472,0,0.3303646671652707,0.04269464137742453,0.3303646671652707,9,145,8.172726019606749,0.20909546270672386,0
general_inquiry,0.7860236323076479,0,0.39440617725731786,-0.13123970097895973,-0.06638946302135187,7,103,21.818843850700087,0.24325082479994178,1
account_management,0.7373064424667684,0,1.0,-0.06257889789743819,0.7948741539813872,5,78,21.80827376985721,0.3939407519607174,1
fraud_report,0.9016549151325634,0,-0.3404829348387717,-0.20158777477097803,-0.8863664293707736,4,42,10.791543088271688,0.43462453265946793,1
fraud_report,0.8133077593951571,0,0.5371550231363629,0.024320026203610946,0.5202124701764091,4,59,4.210438262710804,0.16576311363680724,0
cancel_service,0.5744356724884415,0,0.17079110563419153,0.154428445497451,0.17079110563419153,17,252,4.997917400838529,0.3137047810321473,0
service_outage_status,0.7170169449431855,0,-0.23893924573912598,0.12048906982831582,-0.23893924573912598,6,114,0.6503512926766644,0.20036535070586273,0
sales_inquiry,0.8363709028703818,0,-0.33994444552796577,0.08295883888623162,-0.33994444552796577,9,117,3.0667442506016984,0.18532848315092953,0
billing_inquiry,0.864010779510931,0,0.0673735518277656,0.1762216140259074,0.0673735518277656,5,53,19.24116453964136,0.10136467780606623,0
cancel_service,0.8688201122090252,0,0.06430590541356843,0.046161352025674285,0.06430590541356843,4,52,30.63968853659114,0.2165358334279264,1
technical_support,0.8133066093199153,0,0.3116739965787879,-0.04026661944957179,0.11667210413569996,10,140,23.43948449295084,0.17253855593871706,0
billing_inquiry,0.7278382569738768,0,0.3660870976339716,-0.019487617398723157,0.3067036640406347,7,101,8.64881229445192,0.1739400987034452,0
technical_support,0.46675297028130436,0,0.05637002040991109,-0.26150491909116225,-0.2607748006734434,10,149,10.453922960857598,0.22648644315797445,1
cancel_service,0.6607791648920527,0,0.5129571566042761,-0.06389460464190809,0.40994476154129206,8,140,11.036752365566905,0.23757883176450648,0
billing_inquiry,0.5042867207171083,0,-0.004593845294969021,-0.09528582438521518,-0.2776096301976718,6,69,2.582179557274321,0.1966750651214201,1
service_outage_status,0.7578964592229936,0,0.10432660776901391,-0.011287039011234361,0.009165820704289632,6,74,18.450247893460816,0.14211823540230212,0
service_outage_status,0.78520089991866,0,0.06114176199871548,-0.010538648974257157,-0.09504571801836369,11,166,0.6753337665580932,0.1914176868514979,0
account_management,0.9009950191690471,0,0.4015123274939988,-0.28797919375772685,-0.2466298397270346,4,48,1.0960258770435958,0.21771510797301005,0
service_outage_status,0.7169256781673331,0,-0.2733690151202667,-0.22960798955952105,-0.6827966534390695,12,176,32.752722497964996,0.5500064352329678,1
fraud_report,0.560202128906161,0,0.3701274631972432,-0.3325335731909061,-0.3100829866061045,5,73,11.802079261886425,0.38171980547085294,1
fraud_report,0.8019106891376069,0,-0.08403636805755343,-0.060044632262523254,-0.26220347488138057,10,172,4.50962932796195,0.24761341845860418,1
account_management,0.9268498195764343,0,0.18382789900924643,-0.009106121979616293,0.13382971967858184,11,164,11.952746835609059,0.21469382834836237,0
account_management,0.6778034773316953,0,0.1331562245678466,0.2414887562304536,0.1331562245678466,5,64,8.879315872435777,0.14580805192538096,0
account_management,0.6572154161281064,0,-0.8075460301509323,0.00674943808948562,-0.815603554761018,10,128,4.374234229238114,0.23209172632610756,0
account_management,0.47094282640046065,0,-0.6729223825436678,-0.24116421920031017,-1.0,12,169,14.24925401172508,0.33892175607467495,1
sales_inquiry,0.7711419855813892,0,-0.080882157223064,-0.027224777343555828,-0.15772456659620473,2,26,17.61696949345294,0.1669400742723314,0
cancel_service,0.4937887008171716,0,-0.2712500646231243,-0.09771160598650903,-0.48924995838451224,3,48,4.036129358314209,0.34579543462653106,1
billing_inquiry,0.8909621496030595,0,-0.24958902425829635,0.10338103752425432,-0.24958902425829635,8,123,24.74026433174854,0.2823131677114465,0
account_management,0.46703046358403677,0,0.011509739739568578,0.03032120532914424,-0.05654658629507861,8,116,14.282812141574832,0.15076068328745645,0
technical_support,0.9030381239925211,0,-0.057474713569387964,0.0009208503775058954,-0.12413548474568588,10,176,23.59725931704094,0.2461132155640351,0
cancel_service,0.51930096382745,0,-0.45790762412400077,0.09935743380787815,-0.45790762412400077,7,109,2.1533517971516596,0.2690754697015283,1
account_management,0.7123892410085853,0,-0.02630927006495734,-0.18372941848483704,-0.3117767810621555,7,99,1.3339755612466009,0.2773945898688405,1
account_management,0.6672564598543957,0,-0.6079186040484496,-0.15488153710187394,-1.0,12,159,14.131626628691372,0.3622595844866008,1
account_management,0.7028117303985703,0,0.008823409810593374,-0.15013913036556617,-0.24159822875382514,7,107,35.53450024426567,0.29841494910907007,1
technical_support,0.6767917197337087,0,-0.27327482624937904,-0.1665436749703682,-0.6347991614923819,7,106,0.2586343915040351,0.31207825163282854,0
technical_support,0.7447496938105965,0,-0.10325404475977079,0.04596120934047675,-0.14149150523812193,5,86,14.403487192839345,0.1782862053630276,0
sales_inquiry,0.38103360824944194,0,0.536203104328972,0.06704911689175257,0.536203104328972,8,123,2.0908179789588774,0.12987549689815037,0
technical_support,0.6412116613498482,0,0.5233446047292273,0.19119233238960676,0.5233446047292273,4,69,32.8456664806618,0.027548394033645618,0
billing_inquiry,0.7098532138536899,0,-0.19480378555387648,-0.12231894047668597,-0.47891814556418155,7,98,20.25533420018151,0.30229434392250837,0
cancel_service,0.7204770681818451,0,-0.0013057302050778208,0.04147644673994019,-0.0013057302050778208,10,143,18.3205445433137,0.31662027577614443,0
cancel_service,0.7761450059764375,0,-0.43864454914474416,-0.1746994031129222,-0.6760682693085243,11,194,18.70504156714771,0.3858036823240142,1
sales_inquiry,0.7798282321057406,0,-0.32976545964496784,0.09217677923565397,-0.32976545964496784,7,102,14.827766777006433,0.21734034490199952,0
fraud_report,0.7889315659287536,0,0.03345521005924977,-0.05736263912555256,-0.2990995070659283,4,48,10.073706132134141,0.3221518572120494,0
cancel_service,0.5866721350119933,0,0.3943852814891108,-0.049834839461389585,0.3165418159400801,13,217,13.915467415192124,0.31512748707870675,1
general_inquiry,0.2499993786214054,1,0.1261845502233221,0.2603249759726587,0.1261845502233221,4,58,10.389231764797533,0.3741828816137894,0
billing_inquiry,0.3258409073709916,1,-0.03266090663898022,-0.15586939048414686,-0.2891591292566056,5,72,0.014507592269964507,0.39298633805866967,0
technical_support,0.6858179909232835,0,0.9690826494479684,0.0217285044043557,0.9203335627012347,10,144,5.238616810316251,0.15386203214033872,1
billing_inquiry,0.9309052057703341,0,1.0,0.2017260166634965,1.0,3,51,7.347127240188086,0.1647013706638092,0
fraud_report,0.7348613075966656,0,-0.12038983500752615,-0.19004747772809377,-0.5904084887567688,8,113,1.3711643495785573,0.29808528790518324,1
general_inquiry,0.6046798005686501,0,0.16470495849436395,0.09468425080437785,0.16470495849436395,4,65,9.834431680306688,0.09838564741321545,0
billing_inquiry,0.6015973807299367,0,-0.5002420467284936,-0.01929966566359267,-0.6610691918223066,8,123,0.04731245243879876,0.2335481697740417,0
cancel_service,0.7514843401805201,0,-0.06212517711614726,-0.04843820939211463,-0.23109414834593772,13,142,0.5970861601865295,0.3008992536421255,1
cancel_service,0.960917252585689,0,0.3290434248692964,0.06877859795949309,0.3290434248692964,5,76,59.82455697684183,0.23628686488695144,1
billing_inquiry,0.46639549970999045,0,0.04100544400311684,0.08386961804149978,0.04100544400311684,11,147,4.034643599609149,0.09229923259658003,0
sales_inquiry,0.64766455706069,0,0.15798774812313096,0.15162794252097067,0.15798774812313096,5,88,3.4574672914542033,0.16642861210600532,0
account_management,0.9154100179211586,0,-0.39952749027272616,-0.08418774468641466,-0.5401064179490056,7,106,9.074285079646298,0.29748584458896143,0
service_outage_status,0.9361411386984546,0,1.0,0.2497003705153318,1.0,4,55,3.5886528707784895,0.11126034209004823,0
sales_inquiry,0.6346200028946875,0,0.2482737371964625,-0.15029218112803236,-0.2229978430791966,7,107,12.106810039477617,0.2571532768846221,1
billing_inquiry,0.7297119100203336,0,-0.5055692866969074,-0.26566250497723065,-1.0,6,83,7.50208364191947,0.387790457981225,1
billing_inquiry,0.7562951794680732,0,-0.6272317534405889,0.08305164371685726,-0.6272317534405889,10,153,10.48708594355949,0.31630865781792905,0
service_outage_status,0.706935618266088,0,0.816318435444418,0.0865753620495462,0.816318435444418,5,87,5.505432075231403,0.1672795769601768,0
technical_support,0.4892101831732284,0,0.3290164244473608,-0.05287403596666254,0.20624677326667784,10,139,3.6435726288067243,0.21062003069942195,0
service_outage_status,0.5942500729501365,0,-0.1772057297859411,-0.20417751957701202,-0.5321476929912993,8,132,2.3593501962141192,0.3584762434344723,0
sales_inquiry,0.6120910799802015,0,0.6218370029839893,-0.11455514701207332,0.18141567120487398,7,86,1.2994250273857266,0.15654986225800546,0
service_outage_status,0.4964890772113672,0,-0.3555083576061645,-0.12209775712094073,-0.7114926918479054,14,207,0.43640032867530926,0.3608699413870517,0
cancel_service,0.7037047906392329,0,-0.39373822819898396,-0.0746527504831441,-0.6246087337953397,6,104,17.908151856299593,0.3741971879904909,1
cancel_service,0.5735003348601012,0,0.16769412639653752,-0.0345201897215215,0.0488001221470345,8,126,12.787223978684588,0.2567166363725625,0
sales_inquiry,0.6251746877521708,0,-0.4035453850536349,-0.01980556902033398,-0.5002508887029096,8,113,8.88489784824203,0.2762477423143092,1
account_management,0.23739307511153498,1,0.3162046845065152,0.16498231097791888,0.3162046845065152,6,105,3.7501277344966883,0.3120960524290319,1
general_inquiry,0.8625004373934354,0,0.19565394493281507,-0.31833499239427787,-0.5952836351878551,9,122,47.46863656968193,0.3751391426571432,0
sales_inquiry,0.849657738496177,0,0.78395141275466,0.07490921544168377,0.78395141275466,8,148,13.855106678202132,0.27135038603898926,0
technical_support,0.9510411010467912,0,-0.11871033350156585,0.0666365977626489,-0.11871033350156585,9,127,17.941148354316976,0.18288594980833675,1
cancel_service,0.46031520675773957,0,0.5896443567678242,0.02904076188944144,0.5807597405239098,11,157,2.5039178064342216,0.09701093303894395,0
service_outage_status,0.23701637779331056,1,0.6197971786881958,-0.02363846293148288,0.5573900088668461,9,142,40.373045097664026,0.3685482925366422,0
billing_inquiry,0.7549710354576471,0,0.4647482915374359,-0.16527033859575513,0.11295586872590987,13,168,0.7854301889489228,0.13716695284552602,1
service_outage_status,0.8049149270898358,0,0.1144349127577799,-0.014437458327522395,-0.06172341052390465,13,170,40.077229860677804,0.2566141843868602,0
sales_inquiry,0.7683824380985306,0,0.2144036932611112,-0.13063327178312154,-0.02054306166862424,9,132,45.52527342117138,0.322421797963024,0
fraud_report,0.9524569890740433,0,-0.05050661233850681,-0.2095092594900475,-0.36605654918107,7,128,47.69010666777236,0.408206099151937,0
service_outage_status,0.7345907651612685,0,0.11484325441122663,0.01734145213909884,0.0460258874508188,12,174,4.862025377812859,0.26455424849885273,0
cancel_service,0.5858178579385471,0,-0.23854234593392007,-0.09980722054016082,-0.5306608115327193,5,62,15.997974863223526,0.33150670753400896,0
cancel_service,0.8817934989841197,0,0.17600997307264205,-0.03807934101165884,0.08353814511669368,7,115,11.59265171516893,0.23258066622183812,0
general_inquiry,0.5873861237996069,0,0.29748209348274546,0.15359219612403457,0.29748209348274546,8,113,10.413007069793482,0.1769162199533258,0
billing_inquiry,0.6574694967977143,0,0.7290867102947959,0.1295601830396895,0.7290867102947959,14,220,8.585647590269886,0.18088503591911,0
account_management,0.7337507921504105,0,-0.05432502443713452,0.2037647055710203,-0.05432502443713452,8,121,4.396871921032722,0.08877175810995337,0
technical_support,0.7791988885309046,0,0.1260988511919418,-0.19219119236819154,-0.11662546976550306,9,154,10.646551423883512,0.30061765752656466,1
account_management,0.6073166436418815,0,0.6085204464870738,-0.21012153846591705,0.08938084596515775,4,46,18.124479680033467,0.32952224139249753,1
billing_inquiry,0.4796514427926749,0,-0.14242863595764885,-0.161423857742376,-0.5913347327060731,14,212,7.526650422485312,0.3123718078064979,0
fraud_report,0.43275763682557616,0,-0.17865220854649413,0.07700865660206031,-0.17865220854649413,7,83,20.661418236248217,0.22740733557513299,0
sales_inquiry,0.7777767948154202,0,-0.06557621391067883,0.17188929924746799,-0.06557621391067883,3,41,1.4689195440659595,0.10797622272508879,0
sales_inquiry,0.7432140171505156,0,0.054973421462527365,-0.005277371816617804,-0.06317039085019,4,69,0.650716430437013,0.08416820281451856,0
fraud_report,0.8220088136727057,0,0.10069750002311971,0.03449633195029843,0.10069750002311971,7,81,12.28675570721816,0.17068890669845707,0
technical_support,0.7227016783991561,0,0.23871405463487116,-0.05849413031813247,0.04446355916816018,7,114,0.02051628042814766,0.21791734606044677,0
fraud_report,0.23601668049652028,1,-0.13362925563450487,0.03241853336947613,-0.13362925563450487,7,117,9.24428891674952,0.442942128058306,1
billing_inquiry,0.6180692178899565,0,-0.5973774641475863,0.17601846244380887,-0.5973774641475863,8,129,9.551167154491905,0.21634471455212861,0
sales_inquiry,0.8092458377727267,0,-0.04597618549319088,-0.12051961119909302,-0.35441918724349586,8,106,24.97489125619207,0.1925111411810312,0
fraud_report,0.33465711385686814,1,0.05699886186765282,0.1058846411182348,0.05699886186765282,8,117,18.104038854656217,0.417244937781587,1
billing_inquiry,0.5583878519190099,0,0.736526193192815,0.10202424059043935,0.736526193192815,8,109,0.45743087103494856,0.07379405597043094,0
technical_support,0.6376809706814028,0,0.006934602778134694,-0.06891157786373406,-0.14451785176536514,8,118,38.23518247579306,0.23651849844902004,0
technical_support,0.7222215987231708,0,0.0299499447725112,0.04816824827486009,0.025867495543317368,12,176,70.44702792044228,0.40339812671758507,1
cancel_service,0.9224666267487528,0,0.7973320511964969,0.07875209287783276,0.7973320511964969,12,180,11.177980188799541,0.2181555005832187,0
general_inquiry,0.47256107604007785,0,0.6323925776190739,-0.258211199171392,0.23080498879670744,7,105,33.17556000005221,0.34934535476326634,0
sales_inquiry,0.8852170180047887,0,0.26336867449542856,-0.08729533292845457,0.02523266050390962,6,113,14.134074121702282,0.15227094528047794,0
general_inquiry,0.7392177056099307,0,0.07359131794650384,-0.1849052604873037,-0.534232854875188,8,96,6.1352288292735935,0.2874053393057535,0
billing_inquiry,0.4982535923845483,0,-0.270901457841504,0.0004737991008588287,-0.32917959080382786,8,143,6.067368302771364,0.1873321964458084,0
sales_inquiry,0.7963366061198337,0,-0.7520290575034082,-0.23193903449901,-1.0,14,231,1.2351052730793177,0.3465155201888208,0
sales_inquiry,0.9071723829217114,0,-0.32406594871720207,-0.013055411108399154,-0.496779030729233,11,164,11.975308168000918,0.2706421592116876,0
billing_inquiry,0.9095665215795224,0,1.0,-0.15850728112427656,0.7013117502083871,5,63,46.70260470262855,0.3184361367749156,0
general_inquiry,0.6655219165085098,0,-0.31108208147861915,-0.04418365845560604,-0.40075964594511415,9,147,0.13311725821129516,0.15249236306695718,0
sales_inquiry,0.8039546559304678,0,0.14010827961570202,0.009705874036109896,0.10853669043741573,6,96,31.315106208808515,0.2517534855012843,0
general_inquiry,0.6216893288690958,0,0.22918095961873491,-0.10915359175512274,-0.02296303277195043,8,142,7.3817731119092675,0.218633063470863,0
cancel_service,0.7974601947301186,0,-0.16498803944484094,0.01683075771598305,-0.1902013173648251,13,209,41.39169145029096,0.2642211254406201,0
fraud_report,0.5485340197834407,0,-0.3910196070528733,0.24587843968032044,-0.3910196070528733,11,164,44.175863619616976,0.2921997068141936,1
fraud_report,0.9666533029338665,0,0.1564147142294209,-0.08733432003249968,-0.005311974330873236,10,180,1.4152451871770526,0.2370815033898677,0
technical_support,0.5097197673877801,0,-0.030335998750560006,0.0031754873691659143,-0.07618989466442744,9,152,28.09679316606184,0.2858903836206888,0
general_inquiry,0.8894695118432278,0,0.23051632982152917,-0.18250309371539594,-0.19794024708518138,7,94,5.921507317410951,0.30588846347600646,0
sales_inquiry,0.6381804427423737,0,0.4736275568663608,-0.09969097729287218,0.2879162646554972,9,136,26.206201697981477,0.3084258090503388,0
sales_inquiry,0.7836707495646144,0,-0.15093496844698076,-0.3740057777994545,-0.9189570924974185,8,119,7.689760680649492,0.5031608147313745,1
sales_inquiry,0.8811332355609272,0,0.6849268533148634,-0.12926681182120522,0.45218253676358927,7,98,2.454007913283812,0.30547200408358166,0
service_outage_status,0.7341176457682642,0,0.09416403582875418,0.10072995228116054,0.09416403582875418,9,143,6.550033235288066,0.10670016688019919,0
service_outage_status,0.7555404308443464,0,-0.2731561585670974,-0.02812322963338037,-0.40091561398195197,4,71,4.161063889271366,0.18671367869898686,0
service_outage_status,0.889355938575901,0,0.4727981573353949,-0.19264848631054568,-0.004361809107062194,9,143,5.37100019809451,0.32944337481548625,1
billing_inquiry,0.5291999639128967,0,-0.226372056503492,-0.04436000298585854,-0.3850993527984509,9,105,14.64771305586726,0.23720779540633796,0
cancel_service,0.895532761322003,0,0.7931711032940894,-0.14793632043891997,0.36344557895640534,9,136,20.536989178252178,0.3570300576775173,0
general_inquiry,0.49336733990284365,0,0.3378354034951935,0.09706053962325736,0.3378354034951935,7,96,1.0535667656947039,0.2194609497886718,1
general_inquiry,0.6683657643852543,0,0.18389697334299848,-0.22451816882193748,-0.23552984931316434,8,133,6.852542375081497,0.2080735087623792,0
cancel_service,0.5735298999705417,0,0.17735819374465833,0.0038667334829461768,0.1378926292564802,9,157,10.258410720861667,0.14436831907783618,0
service_outage_status,0.8418390279531877,0,-0.515386538014795,-0.1078043456904511,-0.7575605223284658,7,98,4.721088246137878,0.27740274830145284,0
service_outage_status,0.6769304624953189,0,-0.2274401485606947,-0.2601417156090535,-0.6460183292334761,8,115,4.7401698724540156,0.30474125269329105,1
fraud_report,0.5220217021407607,0,-0.347272438147859,0.18788934167090846,-0.347272438147859,8,131,1.7661380845714316,0.28985085663361193,0
sales_inquiry,0.6377803199561859,0,-0.31846225139407214,0.17874765304812898,-0.31846225139407214,14,238,1.2111354927480122,0.22062195580772942,0
cancel_service,0.9057859484232069,0,-0.5564165177742735,0.22566211888071588,-0.5564165177742735,7,109,24.040465592760448,0.2965654217269216,1
service_outage_status,0.799300674906873,0,0.7916612914745407,0.005590101582600319,0.7916612914745407,7,106,3.715086318790881,0.21324617205028462,0
sales_inquiry,0.6188455578917365,0,0.14594241531448615,-0.01442959769345508,0.017880569182394335,5,78,7.828069139913184,0.12283039450108556,0
general_inquiry,0.8865910493763133,0,0.5631652917140456,-0.3748301329091391,-0.4772413817582346,12,175,2.901245898178547,0.40576503989464713,0
sales_inquiry,0.5105687424507249,0,-0.1865925560482157,-0.06073106577583702,-0.40133959579743395,6,108,0.006254467314683421,0.2756424641662567,0
service_outage_status,0.5171459578268816,0,-0.6977700567000787,-0.07266886067376002,-0.8449481119749817,10,130,5.053828597298327,0.3075287287210966,0
account_management,0.7095265532822996,0,0.003380330057723882,0.10302004862669159,0.003380330057723882,6,98,3.6561754727433033,0.19906054959850486,0
billing_inquiry,0.7529985498124461,0,0.507615312006644,0.11739987216075158,0.4939459854470932,5,63,19.341437412225634,0.16695290224446135,0
technical_support,0.8605964840626923,0,0.10939346667290996,0.06088788703871234,0.10939346667290996,6,92,10.54979099576302,0.2271255210480314,0
technical_support,0.736114814182366,0,0.018127600648872227,0.10917293454835576,0.018127600648872227,8,138,2.8142928847069233,0.11350671067154831,0
general_inquiry,0.9127212997466638,0,0.03132038746451314,-0.20756167257589442,-0.49004134475133587,11,164,53.96041285051736,0.4277287524854816,1
service_outage_status,0.6696548766328108,0,0.4985757248650845,0.044141534926470355,0.4570097532295008,8,87,30.102301275238123,0.16321378421289326,0
cancel_service,0.8135712396566541,0,0.29249944802363137,0.03853290408762082,0.29249944802363137,2,19,9.926317898899104,0.1386975706450111,0
cancel_service,0.8165519602642938,0,0.054623422651802436,0.16233814007788078,0.054623422651802436,4,65,6.54638715596038,0.1295110598798026,0
general_inquiry,0.7464087820609037,0,-0.32767973741474365,-0.11380241248410633,-0.5731271547697905,12,147,0.6934010693826476,0.345494319917129,0
billing_inquiry,0.8217786309417787,0,-0.12527086492832093,0.10516512316715436,-0.12527086492832093,11,155,8.662085579434768,0.1908947283532636,0
general_inquiry,0.6591723145198457,0,-0.046492006580813816,-0.27027375246097646,-0.8812157833791394,10,135,14.52600259682272,0.4035702219969596,0
general_inquiry,0.4058852693394967,0,0.41411658109675253,0.06578353692663691,0.41411658109675253,9,132,9.247744550038286,0.21890708831216962,1
billing_inquiry,0.6465997955285644,0,-0.020436528735076204,-0.006554438764746888,-0.1074123376628359,6,91,5.2569213429557955,0.27179478596050216,1
general_inquiry,0.5940293352049548,0,0.4704595693784267,0.04896607006667829,0.4704595693784267,8,107,15.052194554306688,0.15072012002382107,0
general_inquiry,0.6094632741150395,0,0.3172420889494122,-0.09311236664557036,0.1388197721238633,6,109,6.117047365772196,0.1698149242904284,0
cancel_service,0.8133981399754788,0,-0.0376054564493217,-0.13338404800883563,-0.29580436691187334,6,92,33.19098025873542,0.258961131082157,0
sales_inquiry,0.6276926727851252,0,-0.29018918850700337,0.05858679531244963,-0.29018918850700337,9,118,12.107885377802845,0.1484383875934983,1
billing_inquiry,0.8071877412062274,0,0.1267470603379098,0.0644881333371223,0.1267470603379098,11,164,1.3104323059357217,0.17083339956649052,1
account_management,0.9327600948478527,0,0.5902286090860546,0.04982121055794127,0.5211718847617854,6,100,1.5205070240726957,0.16154538513839586,0
cancel_service,0.8782245781488297,0,0.5738270163565015,-0.2528520268038832,-0.1190130874604911,8,122,1.2588716151936061,0.3724328155547525,0
billing_inquiry,0.77287962275606,0,0.387522722299145,0.01666983495776186,0.38353946293269786,11,176,5.950094573873029,0.23051043516122904,0
cancel_service,0.7654657392059458,0,0.4587345919423531,-0.032973068151512214,0.353969210555376,7,97,10.09149688579469,0.23157969768026446,0
fraud_report,0.7612862969241003,0,-0.09747582847942313,0.11262198022231597,-0.09747582847942313,6,75,4.750040584416598,0.09241110718350196,0
service_outage_status,0.8710418925101722,0,-0.4289954088603728,0.18837206448390686,-0.4289954088603728,11,172,31.450744155487317,0.35232469769621766,0
sales_inquiry,0.44578871798390124,0,0.10770178147061456,-0.15548219772619437,-0.3284738487134741,10,137,9.299592518048716,0.31985220981929263,0
general_inquiry,0.7374934642080787,0,-0.005958421561312349,0.04668583588605471,-0.005958421561312349,13,201,15.761555887864436,0.2278361610960647,0
technical_support,0.7452755685765083,0,0.2990580312144806,-0.0374669460940497,0.09898823745737989,6,78,9.561589639782024,0.13210353410050285,0
general_inquiry,0.5442828425711095,0,0.04267036046046729,-0.08721341372130562,-0.08289816477786977,6,78,22.156585630489374,0.20099861549606252,0
cancel_service,0.43804232353893524,0,-0.5356044888837352,-0.22506852987672976,-0.9138883548325081,5,70,13.353445751143498,0.4689353467053811,0
service_outage_status,0.5810170123489191,0,0.5143497018927652,-0.11239741777657598,0.3470037859425648,4,57,41.092545002771274,0.2371104957483218,0
general_inquiry,0.6703976466737944,0,-0.12679657780184034,0.13312324921703392,-0.12679657780184034,5,76,5.122192580173818,0.23130826304952512,0
general_inquiry,0.6510089381667714,0,-0.41265037611324806,-0.08864350320443844,-0.6397402436725677,5,83,4.420056535741989,0.3098250226052276,0
technical_support,0.7684413927839984,0,-0.34448397120099306,0.3547316803357451,-0.34448397120099306,11,166,15.194310717858501,0.24696183268674562,0
fraud_report,0.9865863887600604,0,-0.04896582183699502,-0.26629971896554216,-0.5642819995994259,11,155,1.2857433140491479,0.3830518901517988,1
fraud_report,0.5498506059992158,0,-0.07173913010917185,-0.17295771456749645,-0.4673019727211632,6,89,2.7523070101634866,0.3249646966140447,0
cancel_service,0.8089244373936679,0,0.18280805131192715,-0.18358202117695221,-0.3856744252811941,11,163,1.894871156651132,0.3742528684488907,0
billing_inquiry,0.649997508779186,0,0.7101590675498359,-0.10848631086949542,0.33024511038002746,8,109,22.54403246625629,0.25001182750478596,0
fraud_report,0.9398431739390588,0,0.38122619751773723,0.15527333962427028,0.38122619751773723,7,117,7.007163593063251,0.1713886681993918,0
account_management,0.8220604358936863,0,0.2138326982204468,-0.04688729642842748,0.05060796026279632,10,144,2.5192487298075674,0.17288032177744317,0
service_outage_status,0.7544910578176,0,-0.31561808177162065,-0.10510912636292064,-0.6140603982144613,8,143,1.0246066196915762,0.32068481916051766,0
service_outage_status,0.8457098033317039,0,-0.5907408775109928,-0.09942785548517083,-0.8186908907037276,8,134,7.594516493101933,0.26664742004531766,0
service_outage_status,0.7906854519059805,0,0.21063704072297806,0.00960826694672062,0.21063704072297806,9,139,1.8342289681704245,0.07965332389254107,0
account_management,0.36137064032284655,0,0.11255004246264272,-0.16331963851312678,-0.25430138257980406,11,166,18.814608145581758,0.27723005586999,1
technical_support,0.5454836193677026,0,-0.310934142487408,-0.13286045608452812,-0.5850857685445259,8,126,41.617365012921134,0.3030564252344809,0
sales_inquiry,0.8220510587405238,0,0.459956530485633,0.1458503182486279,0.459956530485633,6,112,0.5715333723149194,0.09218967263265004,0
cancel_service,0.7721510804778594,0,0.20424012122206447,-0.3175562963005909,-0.4265793567179871,5,78,17.364349140228995,0.3161601637323269,1
account_management,0.45535313150789336,0,0.20024411046309243,0.13895059560247913,0.20024411046309243,4,67,9.97317920104128,0.15001505456846098,1
sales_inquiry,0.8169439371940095,0,-1.0,-0.07201529398001102,-1.0,8,126,49.715891242837266,0.5129862812787227,1
general_inquiry,0.5469836218407423,0,-0.07015177263674616,0.1507935374269495,-0.07015177263674616,7,122,0.1129454775827937,0.10895911663008288,0
account_management,0.5018355023588087,0,0.20854278506503374,0.1539021564991499,0.20854278506503374,7,140,11.091635219884022,0.21492146189851846,0
cancel_service,0.42212061209975305,0,0.5288098706404432,-0.1841214382445473,-0.02451169402825469,8,116,13.523621797729499,0.30753966348722883,1
fraud_report,0.7851874650546272,0,0.7791803519157016,-0.09541462550915658,0.5121931248678383,7,103,3.9289140495081827,0.232871808688336,0
billing_inquiry,0.8454166515098379,0,0.5132377676078238,-0.04791955625442786,0.3518680984989326,11,173,15.883110430337668,0.20479021963268848,0
sales_inquiry,0.391384953040942,0,0.9173347681715116,0.18060120568494153,0.9173347681715116,6,108,4.701657409016541,0.10090287338470036,0
cancel_service,0.3504786971124001,0,0.48951419497505866,-0.023957879197494,0.32423839855228836,8,127,2.5354354412851796,0.20848138689166054,0
service_outage_status,0.6868995081039377,0,0.7584744036450286,0.08464322836488873,0.7584744036450286,9,143,10.290105220329089,0.17721568990290926,0
technical_support,0.7745098203466615,0,0.10096235402411603,0.27544768174202083,0.10096235402411603,4,66,6.218242460821356,0.23831284896954763,0
fraud_report,0.7650825333611386,0,-0.19041968334987233,0.19011838829669553,-0.19041968334987233,4,69,11.704650515164033,0.2552386677639952,0
billing_inquiry,0.7932777943313675,0,-0.15733668064994868,-0.13186303707724917,-0.39506391155729065,10,175,12.628645670844412,0.21103045953612604,0
sales_inquiry,0.8166155445502582,0,0.05383451011554037,0.04336431689019943,0.05383451011554037,5,89,1.2800657207035484,0.15353252794238983,0
general_inquiry,0.9883412549898648,0,0.2755429784824528,-0.023236612492290486,0.10339310450286085,9,114,24.303992222547564,0.17696178101918517,0
service_outage_status,0.7574399294015877,0,0.16887088635702768,0.059930081196104906,0.16887088635702768,10,137,8.108184400588213,0.11944883811566884,0
service_outage_status,0.8989682347013631,0,0.5385976863034483,0.11571508906749166,0.5385976863034483,8,130,7.099178357823091,0.13054712435119145,0
billing_inquiry,0.9073109430019267,0,0.15467365421772036,-0.03952511902951014,0.03417233836070888,8,127,0.29652819388705665,0.1531614300500688,0
general_inquiry,0.8222239944588136,0,-0.6887614575403975,0.2044109184647987,-0.6887614575403975,8,125,20.684201508086492,0.25334593229398955,0
billing_inquiry,0.6510430848926773,0,0.3459582464991988,-0.07155132284217262,0.14602068716488234,6,80,0.5855361461346265,0.1184852706523728,0
cancel_service,0.7426385082731762,0,0.23114835277240006,0.09986901843971238,0.23114835277240006,15,233,74.9603766729163,0.39197914616567653,1
account_management,0.5125583457228227,0,0.19641219958022366,-0.22634610294544974,-0.22004573038310166,10,144,7.589873338888782,0.2458192960158639,0
technical_support,0.5588638231774526,0,0.3565804025646998,0.1922200879276582,0.3565804025646998,7,101,1.9966328668413034,0.09000187687708533,0
billing_inquiry,0.37105305222406293,0,0.027060480897485903,0.037199847268678976,0.027060480897485903,8,135,12.221547681608165,0.1832859778180542,0
account_management,0.7560292156716849,0,-0.5388428477673826,-0.1396823417837646,-0.7626713620225607,8,116,7.1310598141355355,0.3975767791213525,0
fraud_report,0.8397483311912809,0,-0.1426785476279113,0.09211854358632526,-0.1426785476279113,8,113,13.495748414062897,0.2482553627241022,0
account_management,0.8796035776459504,0,-0.45628183200743,-0.01753340247579587,-0.5792271662395856,10,126,21.585281337266654,0.26271476978503827,0
general_inquiry,0.4439522525181289,0,-0.015727481692432183,0.011010338741760387,-0.015727481692432183,6,75,22.230534964955595,0.1742973355085951,0
technical_support,0.49153586966514756,0,0.5846363515176706,0.11808726374074331,0.5846363515176706,5,79,15.630026926571848,0.1531020756620659,0
billing_inquiry,0.5055643243175988,0,0.1096002451861921,-0.011150781402018597,0.0646273629636996,10,156,1.1344260889277986,0.17595586297200952,0
technical_support,0.22818449267140456,1,0.48624817102088336,-0.2604549909860693,-0.3593310228978399,9,138,40.51411479355207,0.592948327869067,1
cancel_service,0.5985230164171229,0,-0.3251867169551529,0.09343869235750786,-0.3251867169551529,13,188,24.893400442827705,0.2776350417721916,1
sales_inquiry,0.5804300064297134,0,-0.13200195798580303,0.06615243887871526,-0.1399419600180598,12,199,11.3646481247422,0.2580363611101508,0
service_outage_status,0.7299475993110768,0,0.6260225085826505,0.0655508494396648,0.6226354323208044,3,37,3.2820633341643877,0.17044785919736738,0
general_inquiry,0.6184418468620911,0,0.2682188284792141,0.13238503041706212,0.2682188284792141,3,57,34.59017174524132,0.1672719401523545,0
account_management,0.5282401563460583,0,0.027351908559742746,-0.16903921766683724,-0.3361521699729584,14,199,12.04150948341614,0.28752704192944656,1
service_outage_status,0.6239659600008068,0,0.6986729984836608,0.18529414777045838,0.6986729984836608,5,65,3.1556440106926096,0.12804232575782307,0
cancel_service,0.7316832577796644,0,-0.23822266083741075,-0.03410700673245025,-0.3811625629249644,9,126,13.360117519325133,0.38814545233942865,1
billing_inquiry,0.7561087672604259,0,0.5503552881649009,0.10047742302715534,0.5503552881649009,10,148,10.207120654549488,0.20241514435808922,0
general_inquiry,0.49930243981744277,0,0.14526746331736062,-0.06296394179266104,0.003601201422317235,6,85,1.4390003732797092,0.14806233399097954,0
account_management,0.6036113261836985,0,0.1270435195112823,0.24537237580288032,0.1270435195112823,6,89,4.957710762779703,0.15254265313793944,0
technical_support,0.4642945922623009,0,-0.5574931243247564,-0.32175083593143045,-1.0,9,133,18.856097909038503,0.45650740906290516,1
service_outage_status,0.828931398488924,0,0.18232619865226501,0.20751201499839264,0.18232619865226501,7,82,15.78175092452941,0.22910509978179738,0
technical_support,0.8265928603745525,0,0.7114118337975723,0.16840311060700744,0.7114118337975723,9,127,6.257531797614796,0.13539164053808833,0
account_management,0.7302260014058194,0,-0.3459162286808497,-0.08355625225260119,-0.536137310675984,9,148,0.18687849409620033,0.27918175246711247,1
general_inquiry,0.20317990564020574,1,0.3929239207955726,-0.1162861698366058,0.1949603921301536,8,110,5.761943869687032,0.29162928111199254,1
account_management,0.8912612646895396,0,0.21555055334363546,0.1279357424526889,0.21555055334363546,7,165,0.6789654537913055,0.13613471932017038,0
fraud_report,0.9357052279417756,0,-0.1771219337299266,-0.1083910246207008,-0.400258661418078,11,161,20.054304927295366,0.28283500986833765,1
account_management,0.7319063628978052,0,0.7318376675470094,-0.12031868002207227,0.37249016876273633,7,97,5.611610576686507,0.20900527804191368,0
fraud_report,0.8027661271627322,0,-0.23172675766274473,0.201187916098794,-0.23172675766274473,6,97,4.659448752732288,0.2960139543222572,0
general_inquiry,0.4469872017724408,0,0.30591142073747235,-0.04631651632749198,0.08205809883017036,10,172,1.4580650274230418,0.28737912980768077,0
general_inquiry,0.614272813673511,0,0.6980064988949487,-0.272616726347601,-0.10305882101070513,9,149,9.082624327190416,0.2796834148982521,0
sales_inquiry,0.621036056649112,0,0.14403903808582433,0.3014180659302907,0.14403903808582433,8,124,6.309678987124179,0.1353599981769108,0
account_management,0.5449075647371926,0,0.3191494277860265,-0.15173196082278276,-0.1566611237235325,10,142,7.164057363534351,0.2338267141857436,0
cancel_service,0.8735620513890162,0,0.36839477899816,-0.23694248560431552,0.0643372045640466,10,127,45.090216915923705,0.43733124743763363,1
cancel_service,0.4052085765974472,0,-0.09192435414339836,-0.17461473917025958,-0.5049203511295928,10,132,2.957002595464251,0.30546361750213424,1
general_inquiry,0.5746195551925526,0,0.16009171258974114,-0.06529128945208526,0.019714173652796943,10,171,21.08715262677224,0.23900629933029915,0
service_outage_status,0.8231895958965112,0,0.0607485044656179,-0.10569404568021275,-0.30063243323277783,4,70,14.463228283901973,0.20551110222529195,0
technical_support,0.9369840082472736,0,0.6606775802743872,-0.11215999020496449,0.5128665247668008,6,92,10.242998094794707,0.29364319257621435,0
cancel_service,0.9030667747906365,0,-0.13455083929168152,-0.039917185780418314,-0.2363569187871754,6,101,3.0238394817588037,0.29096792634419266,1
general_inquiry,0.9184220541345214,0,0.5761629172662722,-0.14520669785261392,0.30874903838111967,9,117,9.258709855511151,0.3139722263992992,0
fraud_report,0.9219497885711232,0,0.0952521877288005,-0.11422383260075318,-0.27366178326608886,4,62,0.9600352938311136,0.22955768609580607,0
cancel_service,0.5203108787717345,0,0.694625301594596,-0.05908242811876155,0.4670681675547239,11,167,9.809409989333512,0.35105571546588105,0
sales_inquiry,0.744859154805159,0,0.3079078192185868,-0.15749267236746925,-0.10587867805306772,13,170,0.3616192095588793,0.2639323040732206,0
sales_inquiry,0.596870776436069,0,0.30525186343681,-0.28061318971556215,-0.3988951702928063,11,173,0.3919245310129566,0.33908728365077706,0
billing_inquiry,0.79425791357491,0,0.3368930128708495,-0.13476716845158304,-0.01670528432227765,8,97,0.5162676546808311,0.19726725366382528,0
fraud_report,0.8040934638363871,0,-0.10775634813740848,0.05053867089018156,-0.10775634813740848,9,134,7.167034333611189,0.1829460218910558,0
cancel_service,0.9237929812842306,0,0.6424649535544129,-0.22269162536827058,0.08195856083096048,4,65,9.576188340134479,0.2161909584451306,0
account_management,0.7922103892027003,0,-0.09909432475724692,-0.20627973059471347,-0.5189985548065315,9,165,1.7941831154110819,0.34474240789492444,0
service_outage_status,0.7354928700951024,0,-0.1744209750223811,-0.12522355422644577,-0.6064824736798605,3,41,12.960451017071668,0.3467692163477219,0
cancel_service,0.3828733431025026,0,0.6718514775932936,0.11644501050780019,0.6718514775932936,5,53,2.4061182001656047,0.13986741508626968,0
service_outage_status,0.9502198514752048,0,0.04357298928085919,-0.43917510865985127,-0.4884184244280476,7,103,8.040312017745014,0.4569857028441705,0
fraud_report,0.6042326939032986,0,-0.18924274664784949,-0.1252351212154243,-0.6078465311612171,13,193,4.259993496947352,0.3331209897775638,0
technical_support,0.8144568962932275,0,-0.4732183949055364,0.23790476700494254,-0.4732183949055364,16,262,22.05605560650897,0.21547093596681782,0
general_inquiry,0.9199402916589574,0,0.47231149772986514,-0.1188606184867255,0.265713112394455,8,132,0.27448024787634917,0.16364456564628937,0
technical_support,0.5722760340993659,0,0.2417392460328259,0.1221309155751479,0.2417392460328259,10,155,4.441835906937704,0.14003686614391783,0
service_outage_status,0.924181539081531,0,-0.1207701505821007,0.2892757357751721,-0.1207701505821007,4,60,33.956435351889326,0.12903167259789816,0
cancel_service,0.5407247070325193,0,0.43758091966846857,0.10477311160420212,0.43758091966846857,7,103,0.3346869981422005,0.21037353144140936,1
technical_support,0.8388908620330554,0,0.010026249132088189,-0.12386383271299535,-0.21769883855483546,13,200,2.2991851342060516,0.3974230934037561,1
technical_support,0.764251279792368,0,-0.20893164184939692,-0.036777139175698824,-0.3167102790874769,9,137,6.589804779044874,0.1689623416649138,0
billing_inquiry,0.7839276311230229,0,-0.02261600807764652,0.04180048293925788,-0.04076597339426889,9,128,1.7539909463305459,0.18451749832365763,0
billing_inquiry,0.42528456030933165,0,0.4334878366079532,0.027867536897021625,0.4334878366079532,5,69,3.9544810360801934,0.17798273029120543,0
billing_inquiry,0.8951711206915535,0,0.05960851332424685,-0.034576840410056264,-0.04062940592979681,5,80,7.102094611340857,0.17249382593438278,0
sales_inquiry,0.5879590777319239,0,0.09633998231310588,0.44625679227728443,0.09633998231310588,11,180,99.07701338972531,0.27271044029947644,0
technical_support,0.936945978383067,0,0.3985098022727155,-0.22437382965762362,0.016737277938482217,4,73,50.6492300267253,0.26111103864995355,0
account_management,0.49854884387612,0,-0.24843987994737668,0.20851807859438934,-0.24843987994737668,4,69,6.427198744142605,0.11756620527470828,0
general_inquiry,0.8654109497483052,0,0.5218377750594303,0.16242234114700269,0.5218377750594303,5,70,20.21460321382146,0.20556973182574792,0
account_management,0.3730989263915623,0,0.008465529398220276,-0.19157853958982965,-0.4236907167722507,6,90,10.764124503676188,0.3378222330306761,0
technical_support,0.5355831529959052,0,0.2552039559323094,-0.2004666795710019,-0.3640275246280694,6,107,55.612905889331955,0.3979982789733973,1
cancel_service,0.9178293119771384,0,0.9617270960829108,-0.06689082967698795,0.6295002606295896,10,142,12.657542498328711,0.24497559034014374,0
sales_inquiry,0.8384474886344616,0,0.13782276400572513,0.2789849454257015,0.13782276400572513,6,90,21.074520303045432,0.1785858450096819,1
general_inquiry,0.8669058332318637,0,0.6605436306545318,0.1415036096680667,0.6605436306545318,8,129,24.15709717962249,0.15166245441920445,0
cancel_service,0.23110813658887833,1,-0.5050292430711721,0.036356898086976494,-0.5050292430711721,8,112,9.75022502430204,0.4724636461291261,1
billing_inquiry,0.42956114162540665,0,-0.517845238744337,-0.032300897094203466,-0.6964726730881333,7,111,34.08079947356549,0.3315653872713168,0
cancel_service,0.7917268486437813,0,0.4860608013362223,-0.05858546387421981,0.3066831050028516,4,64,1.397025118558216,0.2639863533296099,0
service_outage_status,0.5560366478008013,0,0.3469149289984273,0.03567788959261392,0.3469149289984273,9,178,43.961676605239326,0.13453351772898775,0
billing_inquiry,0.6694683343718809,0,0.34349374375776587,0.12023897242654759,0.34349374375776587,13,196,29.671938727738052,0.2537334731849737,1
cancel_service,0.8803458952859117,0,-0.2947730013254507,-0.02989443248446911,-0.5114647964621406,10,166,3.3989722371330906,0.34376906710349414,0
sales_inquiry,0.7458356232212328,0,-0.24518040676952027,0.27892480663697694,-0.24518040676952027,6,115,0.7762964727635804,0.12460441533752517,0
service_outage_status,0.8259021998658365,0,-0.12182809963315325,0.03624927304115731,-0.12182809963315325,11,171,0.5704649248537074,0.20955753899671492,0
general_inquiry,0.9472875713374913,0,-0.06264049289737797,-0.23045200093421978,-0.7211260321972007,4,88,8.035030356433445,0.31155551218754435,1
billing_inquiry,0.8689140015501525,0,0.19407464891656517,-0.007541911640669464,0.0930203725137252,11,152,2.49834829545864,0.0708920693903654,0
fraud_report,0.48154235277182245,0,0.19282936466365633,0.07067809459012483,0.19282936466365633,6,113,21.18589338212715,0.16050146056821527,0
billing_inquiry,0.7549069724678056,0,0.0864081713581286,-0.02124451514296779,-0.011907601408862663,6,100,6.042830187106852,0.15163234033320663,0
fraud_report,0.45302250970241426,0,-0.013971777033324057,0.03282674625516542,-0.10446844354622138,2,35,5.651174228440599,0.11825055775516516,0
general_inquiry,0.488839181134745,0,0.24510593041596254,-0.3086691955743134,-0.24231156495581666,5,85,1.738196691593378,0.2914749996150847,0
cancel_service,0.6075124938208479,0,-0.028706190201396364,-0.298951473623398,-0.6517578786463007,8,119,4.029113301145265,0.4786195906140185,1
cancel_service,0.7817488315799838,0,0.6132636425417046,-0.14783414010658197,0.4260233423835753,6,101,15.424403375320761,0.23030762252243223,0
service_outage_status,0.47026388726911045,0,0.20185995894153977,0.3493328117563692,0.20185995894153977,7,116,21.42533997743792,0.14708677407104465,0
general_inquiry,0.5908957065469325,0,-0.1555276883868105,-0.14466014969723734,-0.5720327558595162,10,132,31.076370521620373,0.4092125479856558,0
fraud_report,0.5680901144904525,0,0.4498109525649461,0.1108652767033813,0.4498109525649461,14,247,46.64642463165715,0.3661881175977816,1
sales_inquiry,0.5094063783949077,0,0.36816718110877333,0.1852599013075606,0.36816718110877333,3,54,0.8382504993543545,0.10151561316243557,0
fraud_report,0.8978796620897537,0,0.5721749511589379,-0.020909184381237664,0.47041945933484225,5,63,15.050360944978676,0.2681833699103323,0
general_inquiry,0.6906299358903711,0,0.12007973817063684,-0.024398870952109793,-0.00020162216245331321,11,152,5.890511924798661,0.19612687489693612,0
account_management,0.62243606022037,0,-0.48270244676638596,0.07666878815999292,-0.48270244676638596,4,59,0.4774722039340085,0.1883063907046175,0
sales_inquiry,0.5514355030695655,0,0.7206709043819673,-0.14373441470099685,0.47919374006862353,5,72,4.524200461885218,0.20935999675516345,1
cancel_service,0.6567744728333369,0,0.26231950152857153,0.06027496817520127,0.26231950152857153,14,232,32.791373295214875,0.22487228621361638,0
service_outage_status,0.64237375114897,0,-0.24327912723235942,0.023687068804852437,-0.31218091730566605,13,197,4.186687607081516,0.24354143849793566,1
billing_inquiry,0.43292894955450756,0,-0.24773802387225294,-0.18764680739210962,-0.5629105853080494,13,222,65.27195502594002,0.3762555602396729,1
technical_support,0.560322483802301,0,-0.5632802594396314,0.11368104888192733,-0.5632802594396314,6,97,3.3249236421108606,0.2598246801713654,1
sales_inquiry,0.8153747519846833,0,-0.21765826503498784,0.14981200159786448,-0.21765826503498784,6,93,17.483448779891095,0.23277613941442155,0
account_management,0.7439986954886758,0,0.8187280270042586,-0.013448687687274006,0.6642542578546554,9,149,9.031638996769118,0.17260103906125557,0
technical_support,0.9130161669325331,0,-0.6544032397856958,0.05148757048218852,-0.6544032397856958,6,104,1.0561233377364614,0.26443346959463215,0
account_management,0.5976281985032846,0,-0.21818246669376604,0.3347433411772586,-0.21818246669376604,4,55,4.7406424372152935,0.08755715899852157,0
technical_support,0.93780918698291,0,0.28520593918387194,-0.017053141539233017,0.15016363675625588,5,79,6.326115504991348,0.10358192785907783,0
service_outage_status,0.6672889257089649,0,-0.2035165772222561,-0.2149395578267331,-0.711106424100871,6,83,12.174732141375646,0.4335158663082475,0
sales_inquiry,0.3329112042678173,1,0.5933792615744603,0.36879205716071295,0.5933792615744603,4,62,33.895668799282916,0.30441311670308446,0
service_outage_status,0.5346127668294423,0,0.32411766173339085,-0.21014738468222519,-0.12189418285750844,13,176,57.761983653913305,0.37294957454306993,0
billing_inquiry,0.6885745807735038,0,-0.42721177435110425,0.13229594239372264,-0.42721177435110425,11,166,14.025397971907514,0.2619915481903026,0
technical_support,0.5213903916236036,0,0.9685532240540923,0.2536514177650092,0.9685532240540923,9,111,12.537008365520455,0.0772832573570194,0
service_outage_status,0.7909244200532177,0,0.7898590838362,-0.21253691348498027,0.4533536917983805,9,113,24.03621430488576,0.1584627160512369,0
general_inquiry,0.6403845698008361,0,-0.5711158382204722,0.30622689361421135,-0.5711158382204722,6,72,7.0239427885983226,0.2700157702893135,0
sales_inquiry,0.786970286231772,0,0.29518914244526767,-0.011026677880515886,0.2189095570284397,3,62,2.5321422455986866,0.18030349466902715,0
account_management,0.8732860023202237,0,-0.2004937277892118,-0.20836634636044343,-0.5295480080450413,8,138,0.29627737517589764,0.3730615833105871,0
technical_support,0.8051115828290255,0,0.060076146722551786,-0.025715893677321734,0.0172737711070194,6,69,1.731926520280978,0.16667272595835997,0
account_management,0.42674865477160034,0,0.12736941691771536,-0.06885034351672616,-0.006044434676128009,11,168,19.943285438696385,0.1245018119527985,1
fraud_report,0.6027431907971686,0,0.07230906588801073,0.01756492845913157,0.0187304117482522,6,114,0.9432373789383321,0.28589689147189296,0
service_outage_status,0.9089471876645264,0,0.08330011699945757,0.18681555087237522,0.08330011699945757,6,86,6.9282113989971625,0.22467675704349685,0
cancel_service,0.8015405307496559,0,-0.361995334276193,-0.03213415610293222,-0.4487816944289468,10,140,1.4339865619356515,0.20855069285670602,0
sales_inquiry,0.8168807883261104,0,0.10448354379180624,0.0811296640849095,0.10448354379180624,8,112,6.728778055008114,0.07428791852726332,0
sales_inquiry,0.6943485868953118,0,-0.4622584407694562,-0.2702142724507744,-1.0,7,114,7.5216086030791605,0.4104284720060625,0
billing_inquiry,0.9402404741468017,0,0.18710036910279584,0.09561068881839037,0.18710036910279584,5,67,4.577413354576485,0.16408164567482378,0
sales_inquiry,0.767139520301799,0,-0.12857006957656122,0.1779660320448209,-0.12857006957656122,8,127,2.602743906004237,0.08278457925327826,0
sales_inquiry,0.7873972380421855,0,0.3964253144180039,-0.3329550016231952,-0.31543446036614853,7,108,8.525489870935266,0.34706041066399274,0
account_management,0.8937175885965309,0,0.42825193888319735,-0.17352698782638776,0.2008903258192378,11,163,7.822386403266915,0.21685521000108798,0
billing_inquiry,0.5454103911334591,0,0.1490012932415268,-0.023367804274577294,0.04158835746145183,8,128,5.799459881771589,0.16657821517993698,0
technical_support,0.6723962866912514,0,0.4092479892368991,-0.018604325392190188,0.3266033029013745,9,133,57.90163749350848,0.2912046949283129,0
cancel_service,0.7212530911402136,0,-0.2188983455920833,-0.03423052461563861,-0.41342830477582126,9,136,27.18455350820132,0.2930495091266515,0
service_outage_status,0.9102066025060099,0,-0.539412290306369,-0.14455903541109774,-0.9532219408981073,13,207,5.6666425740584225,0.3362347773792644,0
service_outage_status,0.6680018086830317,0,0.42783810337406514,0.07554382053322103,0.42783810337406514,7,98,12.687707463293627,0.1448753757596215,0
service_outage_status,0.3582436666352678,0,0.29774519354456197,0.07143585922647072,0.29774519354456197,10,170,5.215342568423865,0.21428504209027047,0
sales_inquiry,0.6474195838332187,0,-0.002918090995704503,1.5423675204104953e-05,-0.03370732442728472,17,202,28.989996806976073,0.22053159633555847,0
general_inquiry,0.9585289423380626,0,0.17771724136780898,-0.027991781715476435,-0.01640821139366827,11,131,16.926948463506463,0.19837898214326577,0
general_inquiry,0.8554156206161,0,0.11525072619497669,-0.1260192212942264,-0.25643317413019684,8,123,11.709516027820273,0.1613123768301692,0
general_inquiry,0.8634003448652499,0,0.13647547758734024,-0.04949574163279476,-0.042395457029753725,17,238,51.908664329435815,0.3177218247070588,1
general_inquiry,0.6266451200940913,0,0.4444015827693891,0.02780531648314637,0.38230666222982423,13,211,16.213064414812465,0.22266218306598373,0
cancel_service,0.8338624880068172,0,0.13801882523903533,0.1797041788622869,0.13801882523903533,8,101,10.719938467151644,0.1951642931417238,1
cancel_service,0.4646062617704128,0,-0.19129777339670542,0.005661979315264638,-0.19129777339670542,6,82,2.096668140725189,0.28742735801059494,0
account_management,0.5715160725993643,0,-0.025233589802577616,0.09173564494347605,-0.025233589802577616,9,133,12.205287828595994,0.20455526409324665,1
billing_inquiry,0.2951715909680133,1,-0.36985379076534985,-0.28307402668829745,-0.7178582762747006,11,165,16.972955050482742,0.5353182017640966,0
service_outage_status,0.46324403101119,0,0.29485731033036955,0.1223900883591195,0.29485731033036955,4,61,30.8741909569842,0.20130516167461177,0
account_management,0.7184846848068974,0,0.8302299544730584,0.016108043586970034,0.8302299544730584,5,68,6.020590872801789,0.16056187388083604,0
sales_inquiry,0.6279875188555951,0,-0.31033470468785873,-0.1270056675710116,-0.5648143353497619,10,160,10.4885613643811,0.28595848047871375,0
fraud_report,0.7725283812213758,0,0.005392539266269897,-0.1796609046887469,-0.4175999431988946,8,142,27.510295942198923,0.37500501980132145,0
billing_inquiry,0.9798960910888115,0,-0.33733006340453353,0.042879537849563346,-0.33733006340453353,2,42,1.6913024408175417,0.1448556836144361,0
technical_support,0.6221220073451696,0,0.572555547202338,0.21141235022716953,0.572555547202338,7,120,46.20649860237109,0.22119870009348694,0
billing_inquiry,0.982571315080694,0,0.2949644036096935,-0.05528438487949487,0.09986290482961568,11,144,15.41745681355554,0.29454732726399907,1
fraud_report,0.35430887126638805,0,0.4401435568056852,-0.14557033888011783,0.24945161771451305,7,99,1.9615781047922622,0.2587683273867354,0
sales_inquiry,0.8388754219163919,0,0.009675319379859743,-0.10864903871416381,-0.19113616026402538,7,98,2.886639126010206,0.1758609386922047,0
service_outage_status,0.6075839384976404,0,0.49387567699831114,0.12456982038391905,0.49387567699831114,8,102,3.202231863062829,0.11183392812081502,0
technical_support,0.7041066915556311,0,0.5099794796259898,0.04250797296776081,0.5099794796259898,2,29,4.400583834882201,0.1876041147893281,1
general_inquiry,0.49723789487118747,0,0.7227016746672361,0.41767762628767086,0.7227016746672361,8,131,1.2199500870905897,0.15873936068127723,0
fraud_report,0.7048576869506592,0,0.2845473263668086,0.3385203864823827,0.2845473263668086,12,149,23.241564732578897,0.2902144218137095,0
billing_inquiry,0.5905114925100796,0,0.2978678871496877,0.004254608739816736,0.15840055229413502,8,111,40.05837287469829,0.19703840799041944,0
service_outage_status,0.9103490009258285,0,0.18754861540330958,-0.1389623471130789,-0.25477006305844835,10,158,9.794048221680448,0.31905845074011996,0
cancel_service,0.33144250377133455,1,0.8919212222406667,-0.21814559838633363,0.46963724340349206,7,109,12.27426423400305,0.4873057956088685,1
service_outage_status,0.704020425953481,0,0.4839352021603628,0.17702377807704345,0.4839352021603628,3,49,0.3384996943528201,0.05716560860693585,0
fraud_report,0.8711247338158611,0,-0.14640268081470628,0.22962423743445895,-0.14640268081470628,4,67,6.414277554969858,0.22255943414672738,0
technical_support,0.888321903523574,0,0.2768147753472955,-0.1779128644773119,0.07903742535020011,2,27,9.71743073916685,0.18820196187914626,0
billing_inquiry,0.8064247208007028,0,0.4215312380654471,-0.09421989132868297,0.2537581321224656,8,120,27.67620376111344,0.20817297528573636,0
sales_inquiry,0.8825586293627528,0,-0.027461888961427816,-0.002847348851933315,-0.095392104303379,6,90,7.77938554077746,0.10886812235655202,0
sales_inquiry,0.513384590572636,0,0.8833494222904973,-0.03246403642789941,0.7438863568361171,9,138,10.451175918864454,0.1812618298449628,0
fraud_report,0.6859395774842173,0,-0.22964602175361284,0.1088680251731247,-0.22964602175361284,8,123,17.42772905421041,0.3437517423222367,1
cancel_service,0.888545092993746,0,-0.39163857021109827,0.07547830700623549,-0.39163857021109827,13,175,12.136825639943584,0.3022114334601398,0
sales_inquiry,0.602552358738531,0,0.13188001550991046,-0.0312845769462978,0.07697560831930138,7,106,33.7804410253419,0.2191421142176969,0
service_outage_status,0.9477906009855835,0,-0.05636885661967497,-0.03362031556523082,-0.19139359349502372,9,138,10.570456303125106,0.23355577284241996,0
cancel_service,0.7789437841592147,0,0.2196228151764004,0.07280724766368701,0.21316333426332676,14,202,7.966081678294854,0.15676548071751045,1
sales_inquiry,0.7085249530542083,0,0.09711924630607942,-0.03959678921943113,-0.0551514724515649,7,103,11.883252592004318,0.16768568267494036,0
fraud_report,0.7781341053714043,0,0.4520699432892604,0.308906974592067,0.4520699432892604,7,90,20.451769839789556,0.21737444220416013,0
fraud_report,0.593852219295194,0,0.5029819850532151,-0.07378274800762258,0.23786989620306503,8,132,14.038397215061059,0.2520078157119943,0
service_outage_status,0.7523940347232252,0,0.13905963517178066,-0.09912016702308989,-0.11248356099560271,9,117,3.25998845374781,0.1445534648692128,1
cancel_service,0.8908809899789246,0,0.8803939761204216,-0.02146519197425114,0.8400078674160735,6,86,11.42339242871589,0.14571846153121243,0
technical_support,0.7373265334663425,0,0.16620106920974714,-0.131462216249887,-0.15177547098264565,10,179,0.13523500379761133,0.2387410800432281,1
billing_inquiry,0.6839179474970793,0,-0.3820856467834942,0.151353214526321,-0.3820856467834942,9,106,25.27009543964282,0.27001928247205265,0
account_management,0.8573690234077395,0,0.5600956471924565,-0.14864480971388153,0.2441591906576569,8,136,18.614622702004525,0.2214542373872453,0
sales_inquiry,0.7532899456011853,0,0.6180292949539056,-0.10586051444959071,0.24817189619429375,6,95,4.2966708988085545,0.1509686487002811,0
fraud_report,0.7037685154248594,0,0.4346622378182389,-0.20295664668635754,-0.03628112159807232,10,138,6.234655928981104,0.27888095135229835,0
service_outage_status,0.6318453297392789,0,0.5823950035628477,-0.20019177684330808,0.13235380091221594,13,209,20.883123323200618,0.29384448567319194,0
technical_support,0.810078957719166,0,0.1959159021675466,0.27127273306021743,0.1959159021675466,6,91,1.8063889908762851,0.112680554752329,0
technical_support,0.5647063566550646,0,-0.16685335442368968,5.165782273347519e-05,-0.19878367636831096,11,149,7.541144251307099,0.20101574141957995,0
cancel_service,0.5761412410536514,0,0.3721605400479481,0.23702373336459723,0.3721605400479481,7,108,6.248878613871996,0.15834290804977824,0
technical_support,0.7352665559069311,0,-0.1806417903813776,-0.09962749541615028,-0.4684454797973806,8,114,18.42081988953597,0.28500141672975854,0
account_management,0.6764421858651516,0,0.05817773925275814,0.22381558325543408,0.05817773925275814,8,124,0.7484419231045981,0.17468273422043928,0
service_outage_status,0.8279566311379006,0,0.06645633345106924,0.048207044119475656,0.06645633345106924,7,110,4.261765778071022,0.10484121047727846,0
sales_inquiry,0.4360866233269,0,-0.27938580099094856,-0.265113301327252,-0.666363910985665,6,80,24.339661942345682,0.37671375877772234,0
sales_inquiry,0.6974220539831298,0,0.3276631263117414,-0.06281977819472621,0.11901232325562879,8,124,0.5575011856123605,0.17244889324747054,1
account_management,0.8912318301389898,0,0.16594033611130243,0.05092846716744044,0.16594033611130243,9,114,0.45030235569066,0.16363257460158168,0
billing_inquiry,0.6821448989233367,0,-0.25757297411247004,0.19573699103963355,-0.25757297411247004,13,210,5.746514010768327,0.1994470417655348,1
service_outage_status,0.2857723517155533,1,0.5004400367383662,0.15020758668499404,0.5004400367383662,8,122,5.257222526499407,0.2945461753434569,0
fraud_report,0.8015451555534154,0,-0.1451139075504142,0.10723897376881443,-0.1451139075504142,7,108,15.756960516203321,0.23704544225489146,0
account_management,0.5455253399570331,0,0.5460026829151878,0.06588229351837366,0.5460026829151878,9,149,4.3073653781760655,0.12687853260063564,0
sales_inquiry,0.6929424146584293,0,0.011215094354718902,-0.24888750486141295,-0.6294674622977356,9,131,17.03641205147252,0.3351780663968703,0
sales_inquiry,0.4670405634233643,0,-0.3161910537429201,0.11645235755424586,-0.3161910537429201,13,187,5.394270712321923,0.23962231872179468,1
service_outage_status,0.8792479228925069,0,0.21818734370873952,-0.06868149775339873,-0.02845432562852701,14,229,24.385313141946966,0.30442726044806817,0
fraud_report,0.7851528741103396,0,-0.3067962510013902,0.1334584970385856,-0.3067962510013902,7,81,1.1675552690950384,0.2270046391278321,0
billing_inquiry,0.9128229197151498,0,0.484064043569854,-0.023248474255609802,0.422031702645732,11,147,10.591339054094352,0.1823778356225741,1
sales_inquiry,0.6263915099151437,0,-0.7881587545776481,0.07345031819527384,-0.7881587545776481,4,56,2.9288217019082,0.19451233914900862,1
fraud_report,0.6221426395560434,0,0.05348211872048203,-0.1689731294639857,-0.33841389148596795,10,127,3.087298541478715,0.29444901690481284,1
cancel_service,0.9268025324262084,0,-0.4068681069629423,0.05638221952267776,-0.4068681069629423,5,85,1.6288696697504774,0.19818576924005205,0
fraud_report,0.6664364063679874,0,0.021136530942845982,0.18044040359923805,0.021136530942845982,5,67,3.7864947861818985,0.19463107841644248,0
general_inquiry,0.6793211323714486,0,7.506859447861669e-05,-0.012164272547438817,-0.02299408392766316,8,128,5.735155003959677,0.09565281948592505,0
billing_inquiry,0.8645226491713022,0,0.28888554513335407,-0.23732446590716755,-0.15548725642022465,9,136,15.09048133833476,0.31366315070237527,0
fraud_report,0.4389273260364008,0,-0.4111345308183846,-0.18474884343555437,-0.6934834118301654,5,81,6.862969248921651,0.40136647729462444,0
account_management,0.5327749379748158,0,0.10107550443165414,0.1956428368509117,0.10107550443165414,13,201,10.15477494841405,0.21297785414266818,0
fraud_report,0.7461774981285701,0,-0.4347922201657881,0.23167403370818798,-0.4347922201657881,5,93,4.057634759083026,0.3830077139952178,0
service_outage_status,0.8111198056236406,0,0.41616933552263,-0.21003814959656003,0.03194411503161017,4,48,2.241842503056164,0.2686761601005456,0
service_outage_status,0.5209295378880384,0,-0.3110412630890117,-0.23855459039173085,-0.7657620691653805,10,153,10.661382712713,0.3633887484740174,0
billing_inquiry,0.5517692311409896,0,0.21547205792378177,-0.0023351889439792196,0.08049551532520915,7,115,9.196836748490002,0.15952308229116383,0
general_inquiry,0.7750162678923928,0,0.8361487697711459,0.11905459932063285,0.8361487697711459,7,103,3.3930746541632857,0.20480181485003573,0
sales_inquiry,0.6825393804685566,0,-0.5524818778880239,0.09252366193925103,-0.5524818778880239,10,148,8.712607121029729,0.18694659144760375,0
sales_inquiry,0.7725933281607209,0,0.3911400683202376,0.05791203687484113,0.3911400683202376,6,90,15.232676546524473,0.1095462687211062,1
service_outage_status,0.30919751865505823,1,0.2157054551402443,0.020903793303404018,0.2157054551402443,10,172,4.264557651194402,0.3252725267783529,1
service_outage_status,0.2848819285673938,1,0.06153522340813378,0.021723871578326653,0.04052905664382733,8,123,2.5432415490166624,0.32094074725813954,1
technical_support,0.42416882203372275,0,0.49097122494432954,0.06178400777818416,0.49097122494432954,4,53,21.39441438220058,0.18150110464466573,0
service_outage_status,0.8354766262904825,0,0.26689995353295487,-0.005888792368723269,0.11363275740404571,4,58,24.168300749692026,0.16152015183402962,0
account_management,0.7033244768933119,0,0.19102993632822926,0.036388503827394586,0.1815019726502876,2,25,7.204601142134365,0.18865911975978455,0
cancel_service,0.5415585092151071,0,0.09335879922796665,0.06963114186201343,0.09335879922796665,9,139,1.9378462750312209,0.24519813223165604,1
general_inquiry,0.95800399940404,0,0.5373638540500133,-0.033306954606805196,0.3839012416519139,4,52,2.2613175243516723,0.1380991475928791,0
service_outage_status,0.6282577693988788,0,0.4432330952378384,0.018478588098639625,0.4137233093109762,12,175,6.5810393293638505,0.21354759159948597,1
fraud_report,0.6694779949127975,0,1.0,0.01612743121518082,1.0,10,132,2.4635213574948027,0.21897108122713088,0
general_inquiry,0.7931317697046316,0,-0.3139001209042448,-0.09998068797371135,-0.6580971848645859,13,200,31.306868325440245,0.44662684280942716,1
service_outage_status,0.4382164190253574,0,-0.4327952104766847,0.348650300324569,-0.4327952104766847,9,163,47.61696477982752,0.25054891785039085,0
fraud_report,0.5925216053106659,0,-0.47710809314468783,0.1539554527609864,-0.47710809314468783,5,71,4.254881114508507,0.3485234660874877,0
service_outage_status,0.7295911019463155,0,-0.27451886663101366,-0.19943388866399075,-0.7250983548524816,8,127,22.72451449065302,0.3678953015466414,0
cancel_service,0.7788939781136102,0,-0.045592770129049165,0.20469345453678617,-0.045592770129049165,2,34,1.2773179567399715,0.18490230142924355,1
service_outage_status,0.9036314001002984,0,0.5819292821354056,0.08231284822149232,0.5819292821354056,6,75,7.479930885743639,0.1450777233961028,0
account_management,0.8432310818779793,0,-0.053365016251942204,-0.1041697786887337,-0.21863867701822146,7,103,9.974266660782567,0.24672704004885676,0
fraud_report,0.7710254967722353,0,0.2639720657927748,0.2852401666718812,0.2639720657927748,9,124,1.7832395461984736,0.205312328839231,0
sales_inquiry,0.6095820415011508,0,-0.42072284381634395,0.026974619260863582,-0.4498270308527672,8,117,6.48077773599824,0.3032250109346144,0
billing_inquiry,0.8067297288396874,0,0.3826169171371798,-0.02279572002780087,0.31804398551255025,8,126,5.431612829628156,0.13065501111131278,0
account_management,0.9303825095540323,0,0.7160757551489686,-0.21512579990870195,0.19183412314586346,9,142,3.0401087899648025,0.2798376135143483,0
account_management,0.778921586727315,0,-0.2437756394494933,-0.13144809293134885,-0.4388592174413611,9,132,14.331503695581397,0.25704802929428694,0
general_inquiry,0.6238009926824616,0,-0.25651691177586267,-0.07864574012052412,-0.4042144195033638,8,121,28.540486543036977,0.2924684668656766,0
billing_inquiry,0.9265223301317791,0,0.23818743313827273,0.016682166240901675,0.2013631761283731,9,129,5.099353838315086,0.17697624358818564,1
billing_inquiry,0.7165678965537482,0,-0.0776576696827749,-0.19090142953438638,-0.6490087613738706,4,91,2.751825537458681,0.30015242788450935,1
general_inquiry,0.8581770567564125,0,-0.012874383089403696,-0.278929163168594,-0.5790838422236106,11,184,3.3884008420371625,0.39915489760843453,1
general_inquiry,0.6748594301966482,0,-0.2719609452780367,0.2070191968890893,-0.2719609452780367,12,159,1.9332601348097351,0.22399983010419156,0
cancel_service,0.6640230572283774,0,0.20328606819599462,0.02777898623379396,0.20328606819599462,10,148,12.993687926896925,0.36103964933778165,0
fraud_report,0.5917437225828649,0,-0.007123008220508195,-0.0770650501474185,-0.2141476658429527,16,229,7.718056903389024,0.36067727900663415,0
account_management,0.6680945925389987,0,0.2192599257439211,0.08967749927755109,0.2192599257439211,7,94,13.702791994623174,0.16006032310066012,1
general_inquiry,0.3462829887771466,1,-0.12130796442719136,-0.12997561369560073,-0.49868531827116025,7,102,14.640253205180374,0.3539002414754887,0
fraud_report,0.9382471859461751,0,-0.6622716582625517,0.13317842407017283,-0.6622716582625517,5,89,8.205189478103092,0.35202258857672125,0
account_management,0.16687706969767693,1,-0.29938400938760756,0.01643063068338078,-0.29938400938760756,10,145,24.0522156095764,0.3334409182722029,0
technical_support,0.5713746144147179,0,0.298852517823773,0.07153044565842721,0.298852517823773,4,71,21.692188510236186,0.2278647064986148,0
sales_inquiry,0.8538956621054782,0,-0.30582507351711974,0.2742940964422045,-0.30582507351711974,9,155,5.009369413694352,0.2502274759526609,0
service_outage_status,0.5142035090721342,0,-0.2136488196743083,-0.11239070589071687,-0.6083536188735021,10,153,13.43523787122919,0.2902155601453724,0
general_inquiry,0.64331461405553,0,-0.20726923780343728,-0.08162427030692364,-0.34619006501891714,4,57,2.9875639159200222,0.20562326121317281,1
billing_inquiry,0.7023027577946284,0,0.056955355778324376,-0.3558405849400953,-0.6257485064627977,6,86,12.944116280813386,0.416974546298939,1
general_inquiry,0.7726610554098747,0,0.25548236326432033,-0.08185114395772432,-0.009396467174053652,9,137,16.02210870064163,0.11178377613330909,0
cancel_service,0.7663855638451834,0,0.7277854543236465,-0.12264912395988808,0.22365205741944516,7,102,0.11738961169892959,0.28554510634408287,0
general_inquiry,0.553964661701172,0,0.12602701034496167,0.23555444480872603,0.12602701034496167,10,187,7.4356359280830775,0.25374098442973014,0
technical_support,0.837891613349226,0,0.7193636931839504,-0.2877248208400402,-0.20173099352067825,9,138,24.89816831439135,0.3403961745286503,1
sales_inquiry,0.5189477795110371,0,0.14434104082925217,-0.04979243104533799,-0.012586226001123968,8,138,0.069605289492842,0.22136435905499405,0
billing_inquiry,0.5196524575669356,0,0.3704128431731565,0.1391586763531792,0.3704128431731565,4,43,16.438279043648343,0.10338308323901368,0
account_management,0.6354715607035948,0,0.15637716663247092,0.03982821292955534,0.15637716663247092,8,117,7.120354770118102,0.15148286814730497,0
sales_inquiry,0.6233335434162276,0,0.7620623772149816,-0.038946402706674724,0.5822370732919862,5,66,3.31321369530869,0.09504666134220291,0
cancel_service,0.6801857330658199,0,-0.2612277275928221,-0.17198170276585972,-0.803926563574834,6,94,8.737316862832209,0.3492671669702805,0
sales_inquiry,0.7542067171368038,0,0.33711779157409527,0.05440421464251677,0.33711779157409527,4,46,1.4276330370253394,0.1812520704764834,1
cancel_service,0.6607638400272771,0,0.0955003271248819,-0.008077823480244975,0.06894846104306326,6,104,12.159701840192435,0.18971390529421805,0
service_outage_status,0.5562044278956484,0,-0.4183280520644158,-0.3944899692594576,-1.0,6,89,1.5355939153943563,0.5168560436666527,0
general_inquiry,0.7036046414070469,0,0.6367997067757559,-0.19515834790857217,0.2883537586814189,11,165,6.013444784697767,0.27127356872020725,0
account_management,0.8248752735249283,0,-0.3260762614785485,-0.12793130023263402,-0.7180656064037637,9,121,6.457975797121301,0.3211394061183422,0
general_inquiry,0.7305417949435042,0,-0.17298468929447644,0.006905491116242082,-0.22499998063904175,5,82,6.1690147477199355,0.10272108504401657,0
billing_inquiry,0.6317583925973845,0,0.12258222661690946,-0.045567354983451644,-0.028844415822409923,6,88,3.9208200935067445,0.14933458415567927,1
service_outage_status,0.4132070774743189,0,-0.11923098514856542,-0.33358918181819674,-0.6854950324309455,9,104,11.143191741082008,0.4529525045282868,0
fraud_report,0.8100136796118523,0,0.2808591540731755,-0.06776004096832225,0.12847482369708474,7,108,21.57654488902381,0.15109163933985365,0
fraud_report,0.764181179408686,0,0.2517283798454003,0.009725100948997732,0.2517283798454003,11,188,35.78888117784707,0.21742882817129247,0
general_inquiry,0.7257503614422873,0,0.6748949725248106,-0.24090257334798287,-0.034053348464744705,5,72,9.848426568265223,0.3069460905022558,0
general_inquiry,0.7153192271346525,0,0.2531821373848639,0.04442327449212197,0.2531821373848639,8,101,3.8053464237135786,0.12257443219051192,0
general_inquiry,0.8122997139690434,0,0.11724131044769746,0.1650983558644027,0.11724131044769746,9,154,19.819695480510564,0.15117902932920635,1
technical_support,0.7951727639456552,0,0.9857870406578089,-0.3259941007627992,0.16564096809179457,12,173,20.95076015691373,0.3071689301942768,0
general_inquiry,0.8011547580402022,0,0.04947747641259547,0.005434648443749135,-0.0368316921002205,8,103,13.508835497892347,0.16004355585062288,0
service_outage_status,0.6939909342848879,0,0.10660864149063168,0.08061546142110361,0.10660864149063168,6,95,4.926372065819255,0.1472130159082654,0
account_management,0.7221659463045201,0,-0.8144402858300409,-0.05383044812153495,-0.9685226869847154,2,14,0.301958663089943,0.24005369260989876,0
service_outage_status,0.7869239479926821,0,0.27053870798859625,0.05567791858085909,0.27053870798859625,14,224,0.3983425560229968,0.13305611573109274,0
general_inquiry,0.7032436266814629,0,0.03535068452274458,0.035546619063655735,0.006626720896279317,7,116,9.872688858685237,0.1913541951964973,0
service_outage_status,0.761369445077356,0,0.3031915856129273,-0.1873936922148622,-0.09901911767479855,3,40,9.001747997844362,0.22370479662491793,1
general_inquiry,0.5278276252751315,0,-0.4530995553523297,0.054794985467428975,-0.45519929648551183,5,59,3.721738821303073,0.20480635797907346,0
sales_inquiry,0.6294471543269293,0,-0.5729566533150895,0.05180962949255122,-0.5729566533150895,12,151,59.24902851617897,0.3792106298609904,0
sales_inquiry,0.6546794115270578,0,-0.13349413883443326,-0.19717589088968748,-0.4477193235283088,11,154,14.711180814834654,0.25196449219498,0
technical_support,0.74454694013575,0,-0.8583761384400259,-0.0698595722978401,-1.0,5,75,4.184924693080113,0.382502055533807,0
billing_inquiry,0.8756365699996828,0,0.1325177490294163,0.3580628619853489,0.1325177490294163,5,67,19.338016778378535,0.1647753758102652,0
service_outage_status,0.8257795738608659,0,0.48832758479558347,-0.08278892488627729,0.26827563769093477,8,113,14.108708763598786,0.16670590182737388,0
service_outage_status,0.6387496677304085,0,0.08080497877760319,-0.08273569008279823,-0.05179702668236189,8,114,8.186377678206183,0.15165262060894777,0
technical_support,0.7334752137331538,0,0.6718198530741111,0.07819417864951334,0.6718198530741111,10,157,4.054018498368073,0.1386849987153407,0
billing_inquiry,0.7565992825375231,0,1.0,0.0339269966782374,1.0,9,119,42.388911803215436,0.2251269897348162,0
general_inquiry,0.3628786927977966,0,0.6967973322994439,-0.12117731820943604,0.49711740469994053,8,99,7.157593762605108,0.15862175079497956,0
cancel_service,0.536450154806769,0,-0.16301055653623717,0.0681364015586907,-0.16301055653623717,8,102,15.728468052189097,0.2929294381590289,0
general_inquiry,0.6680628031535066,0,0.8636560911784245,-0.15266199438831762,0.5076541317598706,8,136,4.977804375689621,0.23636067995616705,0
fraud_report,0.7053927729798948,0,0.07870983285077836,-0.14817404323793426,-0.27707639959219243,8,138,18.252337132373466,0.359135478186381,1
service_outage_status,0.8517083002390188,0,0.4325837678036263,0.08529043360222585,0.4325837678036263,10,133,4.17707739308951,0.15435268214552006,0
fraud_report,0.6871562432864354,0,0.3254771071189054,-0.012541362671404474,0.26231445286919286,6,93,32.12082369045909,0.24949738226593013,0
technical_support,0.6807172978578577,0,-0.41136896463266703,0.21456583616987668,-0.41136896463266703,3,49,6.510233751678958,0.17068897055985127,0
sales_inquiry,0.7848369699742384,0,0.2153754866275075,-0.1190150123312565,-0.07709677613795121,9,130,20.03594141268492,0.13811870390679132,0
sales_inquiry,0.5477323863797907,0,0.34810803690103453,-0.11226067883066325,0.061506812559298074,7,112,0.9495794383082036,0.18599633579594088,0
service_outage_status,0.3471541855148519,1,0.08621674688089004,0.0746995908561586,0.08621674688089004,4,76,1.8183970664112379,0.29385694701488896,0
billing_inquiry,0.6416761495403476,0,-0.579263269745887,0.13277104300585746,-0.579263269745887,10,160,45.518905418838095,0.2725439628269042,1
technical_support,0.8057916095528496,0,0.9219964401091068,0.21268333545803195,0.9219964401091068,7,96,7.51515731823395,0.1352793384758151,0
service_outage_status,0.21942175660561555,1,0.47123603391272206,0.2281251533069122,0.47123603391272206,7,111,2.4665842911304097,0.2993003268603376,0
general_inquiry,0.430091978595557,0,-0.1861104314792487,-0.15194364310686054,-0.6507443128489365,11,181,1.4026675571836136,0.3428596625461199,0
fraud_report,0.5444965662835185,0,-0.11177956677989662,0.14860842518904502,-0.11177956677989662,10,145,25.18568258863714,0.27047206922056044,0
technical_support,0.5898874898596941,0,0.11697239783325565,-0.07284917800048987,-0.01568786920249568,10,161,3.0692976363829643,0.18993675319615969,0
sales_inquiry,0.5085834899664432,0,-0.5463845667697688,-0.05978660222803968,-0.7218415478019398,8,150,9.742096818465958,0.3128691784037684,1
general_inquiry,0.8914413814042194,0,-0.310888586884816,-0.18247253390835808,-0.9614559258311807,15,213,15.176060661179985,0.4885662588720404,1
sales_inquiry,0.5142097078456166,0,0.11250845227987752,-0.14805952808621464,-0.35670993785450944,17,239,4.474389433659161,0.3336515244150693,0
cancel_service,0.8825032739611698,0,-0.05299669258680917,-0.30937592800982555,-0.584202553391779,14,211,8.353702684653468,0.4774484785115406,1
technical_support,0.5141281428483284,0,0.3736465061561468,-0.05678555031185256,0.20950754172559963,7,106,9.7312330456739,0.1853646196667769,0
billing_inquiry,0.7760650429043434,0,0.039747845927201444,0.34172366656928477,0.039747845927201444,6,93,5.762959612565675,0.14919243540901397,0
technical_support,0.9370069791994837,0,0.03463148074963078,-0.3561300471016499,-0.6123925125731594,10,128,0.47979472852427674,0.37228196026350824,0
fraud_report,0.6757469776178683,0,0.11397184378260358,0.03273840425272086,0.10454908141575438,11,163,3.786378554384477,0.1356581146646063,0
general_inquiry,0.8924847161952604,0,-0.44662695392340024,-0.22668724257089345,-1.0,4,62,12.699512314603446,0.3647702295447257,0
billing_inquiry,0.5578393542955807,0,0.8506374972674521,0.03542770304039511,0.8506374972674521,1,14,2.8748795030058476,0.07284095021043739,0
account_management,0.5204410487635858,0,-0.13476888770044315,-0.13044856120669293,-0.5389269785101555,9,125,10.705660971869232,0.3153187242221616,0
service_outage_status,0.7853527871211522,0,-0.6634561875870323,0.17283898342003381,-0.6634561875870323,13,187,4.695940928093465,0.2695278511628231,0
fraud_report,0.6607953613467931,0,-0.1647869606888667,0.14597619975468182,-0.1647869606888667,10,163,25.170759796582736,0.1983112638048972,1
technical_support,0.6864932426858171,0,0.6139135216431081,0.08055383158193498,0.6139135216431081,6,101,5.543090080754655,0.03329264935133011,0
technical_support,0.2625937185890527,1,-0.31664656330908636,-0.12251246486726083,-0.5162907846467519,6,106,37.485553511060466,0.4582271821422396,1
general_inquiry,0.7456228789325632,0,0.37153198334161996,-0.15680753870433087,-0.12922198476502222,7,117,28.522579591656267,0.39829775082427465,0
general_inquiry,0.74777052811627,0,-0.17026200482393197,0.0875111052007212,-0.17026200482393197,6,94,10.012697047269711,0.1960951632493707,0
billing_inquiry,0.8209576917557649,0,0.2517199754662023,0.0458946171433528,0.2517199754662023,9,150,5.669963687691815,0.16253721112781655,0
billing_inquiry,0.7415647717204439,0,-0.2850038029623265,0.1855468973958281,-0.2850038029623265,5,79,18.13693846059839,0.19453882423842445,0
cancel_service,0.9221636484318861,0,-0.1025893336459062,0.10412862230721183,-0.1025893336459062,6,92,29.555816378363332,0.16614406346388894,1
general_inquiry,0.6821344786274499,0,0.1471312541113138,-0.03545680893459753,-0.006381163376521698,3,51,3.139845220052831,0.22887141418850454,0
service_outage_status,0.4780373208060986,0,0.33674476953828425,-0.0873122876013682,0.11802435297001808,8,133,17.206155540402,0.2564000622894201,0
sales_inquiry,0.9520927128651041,0,0.07386771876101547,0.19057203565463604,0.07386771876101547,7,126,22.00028652310205,0.19087332989205497,0
general_inquiry,0.7698999744699009,0,-0.38168906640257816,0.007811032807145898,-0.3847734979442154,7,115,4.400762000014717,0.20111755545725643,0
fraud_report,0.8278878991793813,0,-0.7855606006063769,0.06384556349302625,-0.7855606006063769,4,59,20.679674238426706,0.43084136394197886,0
general_inquiry,0.8848173086938993,0,-0.09080352340177034,0.17158662660295235,-0.09080352340177034,14,196,7.362792473770858,0.12312270492934706,1
general_inquiry,0.7655183856303909,0,0.16595392065348555,0.12301162639644704,0.16595392065348555,13,168,2.9644719773145054,0.1259537281185127,0
billing_inquiry,0.8827684857824947,0,-0.14216481027764055,-0.00921618970505788,-0.22245816127256773,10,154,16.35412252882034,0.3324922413212983,1
billing_inquiry,0.7524315252358745,0,-0.06424374547268372,0.21770566236053746,-0.06424374547268372,7,118,20.821630325285113,0.06954404671476144,0
sales_inquiry,0.20956320147766325,1,0.25502819645361346,-0.07979484369420899,0.15495376492875096,7,128,5.088919953283173,0.32761794136341904,0
account_management,0.95868140976139,0,-0.1261791309738427,0.001208055599919232,-0.13735306830993993,11,169,20.14740062067135,0.16753491143196123,0
general_inquiry,0.5211278057029802,0,-0.1381494875550222,-0.25238341942770115,-0.764717947322321,4,61,21.610079691774935,0.41926057461867083,0
cancel_service,0.34342785819663496,1,-0.5492025413850418,0.09320227230586213,-0.5492025413850418,8,124,2.626230127505069,0.567887344231212,1
billing_inquiry,0.5048020471578154,0,0.4708579604235549,-0.052076681809478456,0.2942481091604654,6,91,2.100284812846242,0.10812093068421258,1
cancel_service,0.7002303632478972,0,-0.2158392359497486,0.04402873516583786,-0.28798975082222633,8,143,7.543650685493815,0.2538728062095229,0
cancel_service,0.9280620837178646,0,-0.2150538678161261,0.2685084952534087,-0.2150538678161261,12,194,4.547345524236106,0.19764912801291815,0
service_outage_status,0.9104124765215611,0,0.7197080666533905,-0.14795569995701363,0.1729232384957144,10,173,14.735793816068204,0.15349156799310887,0
account_management,0.6035887505164775,0,1.0,-0.13078351896994414,0.8336880602170014,9,148,15.419524833669609,0.2124282181701294,1
fraud_report,0.4560985462264744,0,0.19468591193517965,-0.038371124166254225,0.0736105724317529,9,149,28.862690333404963,0.21883721391866118,0
technical_support,0.4662644591170088,0,0.782452160962652,0.018514951172320538,0.7796029815805068,5,67,17.081774999409237,0.14123118434489945,0
technical_support,0.8990322548735711,0,-0.1851905379542599,0.02028569427700826,-0.2182348389203898,11,205,24.280823003387226,0.2119390774255258,1
general_inquiry,0.7716482306889538,0,0.26076062666906147,0.010773120035953057,0.25841071065952026,10,169,1.1946688242613102,0.18540141126204934,0
service_outage_status,0.9772555572781514,0,-0.3088494031088945,-0.15219194545599773,-0.6934237115026368,8,113,43.939089107963625,0.38808043291105326,1
account_management,0.876157383614955,0,-0.2900025854313807,-0.3372904441024858,-1.0,8,131,13.57543171516274,0.5576711678665137,1
service_outage_status,0.7267709497827589,0,-0.4503946763311625,-0.00730704277511199,-0.5215337949589878,5,82,5.477750975967215,0.22417026156713363,0
general_inquiry,0.5595673704178751,0,0.959902939097292,0.07985899335296914,0.9379655805423521,11,145,6.054815150471866,0.1447154264605692,0
account_management,0.8629823567517739,0,0.48113235636532536,-0.13654390645437534,0.0458749265224942,11,157,4.361597496719826,0.2331825019646364,1
sales_inquiry,0.902409304063302,0,0.20557466289939247,-0.21731460993267648,-0.5027295572758019,10,143,1.538200575562326,0.40965412760267317,0
fraud_report,0.40167434426214,0,-0.32559308085075755,0.2095414333091247,-0.32559308085075755,12,169,7.23115896346207,0.2051090032635774,0
cancel_service,0.5229355578524607,0,0.21188625131674801,-0.34289997778156744,-0.16936790007104202,2,22,9.15412594708321,0.37410866345166627,1
general_inquiry,0.9557165792301208,0,-0.004986926722826052,-0.04576670045448086,-0.18089531886313986,7,108,5.19042839246543,0.14376328930797583,0
technical_support,0.5512616558925615,0,0.2331657559186066,-0.0854012349881755,0.02080540312771567,4,57,14.721181531947517,0.11365650866790068,0
billing_inquiry,0.6583995303574961,0,0.04506558281342208,-0.2159739405347895,-0.5572895442856682,10,140,10.487238623757586,0.38044879359418254,0
billing_inquiry,0.6377828212040151,0,0.09618246911111511,-0.12995365585507596,-0.18599916052975818,8,111,2.9636946423787887,0.1565578546535783,0
general_inquiry,0.8710595143634607,0,0.11561168241171721,-0.013298265169147241,0.029452626257322312,10,162,26.645116586734748,0.1742330133505336,0
account_management,0.768355451080761,0,0.12645139021113946,0.1812646851714303,0.12645139021113946,6,83,30.716497748930124,0.21486211322783869,1
billing_inquiry,0.8378427196458628,0,-0.29094513971945735,-0.01262855771038906,-0.3371315281121669,6,75,4.657419256066887,0.270936406465323,1
technical_support,0.8015015434552928,0,0.4518726291995946,0.018182275722103926,0.4180022546608369,16,247,5.771646732101332,0.30651513149700904,0
fraud_report,0.5752737400574546,0,0.039614741135551745,-0.057575490398475565,-0.16198509661314556,4,75,5.76434086994689,0.15440944558609965,0
service_outage_status,0.9632267679747832,0,0.2556840968835118,0.10459690990379747,0.2556840968835118,8,108,3.3118093485807716,0.19178210595100964,0
billing_inquiry,0.7887375694688553,0,-0.16451852296936312,-0.01208606941048675,-0.20047897256639027,9,139,12.114870846142566,0.2937819251782366,0
billing_inquiry,0.9370949659787916,0,0.433237503044963,0.16089543824966518,0.433237503044963,6,97,5.515037015816494,0.21065104246393654,1
general_inquiry,0.43120542864403744,0,0.08947642651074307,0.48229050485743874,0.08947642651074307,10,141,10.686089268664283,0.29826944814108164,0
general_inquiry,0.7730064261431067,0,0.3147912472877673,-0.18597641844511456,-0.055045144667099866,7,130,11.517523038810669,0.24473167949866914,1
fraud_report,0.9452670853124376,0,0.2132559412224001,-0.11018670313123882,-0.18268914561169527,10,145,42.67947640281383,0.3954845835339264,0
general_inquiry,0.5561105937276482,0,-0.3104036996211441,0.021305964526702133,-0.3367385779334488,8,118,14.854115312655503,0.22165307081293784,0
sales_inquiry,0.899198276502748,0,0.02782725517246136,-0.10819652300530386,-0.2221393213214195,6,71,0.6597596666974772,0.280983959667335,0
fraud_report,0.672883079959933,0,0.5131910285879004,0.1144771980496055,0.5131910285879004,11,156,4.265104093402993,0.1417869440538323,0
fraud_report,0.8524958596178777,0,-0.22882414337583587,0.21890113619492377,-0.22882414337583587,5,77,53.6563049016948,0.27123464856140866,0
technical_support,0.7190583742530511,0,0.1950975627909935,-0.019409874765846304,0.16121319000861972,11,163,17.493766685189232,0.17537239022973397,0
billing_inquiry,0.7129899013072595,0,1.0,-0.0212057759999064,0.8917721299667597,10,150,22.489248984019564,0.17954877002287603,0
sales_inquiry,0.9366963131762465,0,0.27247668214914966,-0.0970507484503873,-0.10235863899692613,11,138,2.7829580211106473,0.2708011640463901,0
fraud_report,0.41913665547558276,0,-0.13971111631038413,0.38040791076351554,-0.13971111631038413,8,146,0.35213901583927254,0.2297593799855547,0
fraud_report,0.6387360996247833,0,-0.4192212050952645,-0.03010316285552403,-0.49376750681287473,5,66,7.8546245042882425,0.22925336604237873,0
cancel_service,0.840115661042583,0,-0.1375569002049491,0.3995376343268976,-0.1375569002049491,9,125,15.873570490557308,0.24762562956855433,0
account_management,0.9521162342725604,0,-0.4670866575039455,-0.22128556145987743,-1.0,10,150,24.146622568814685,0.467410836146525,1
sales_inquiry,0.8495268604547939,0,0.510220264124387,-0.13057579444061915,0.09092840730604693,10,157,77.41717382149226,0.2942314356753522,1
technical_support,0.8201975095829719,0,0.050146287229106044,0.12524479351000428,0.050146287229106044,10,152,2.993759344077051,0.16073237154564968,1
general_inquiry,0.8443462195786421,0,0.04911335965195077,-0.08016574660484953,-0.20897224614749743,7,83,3.904113804652658,0.1768213278862725,0
general_inquiry,0.8802015026188539,0,0.03617254648337531,0.20536590249359996,0.03617254648337531,5,79,3.522114091247551,0.10068433710112595,0
sales_inquiry,0.6485697952374011,0,-0.00939564949703138,-0.009665255954939328,-0.1182721439027418,11,164,1.7270690222227914,0.23797602157412234,0
fraud_report,0.6785569969985683,0,0.4257535658325,-0.10852115284014174,0.2829099237658251,8,116,7.667025919747027,0.23836298260611916,0
general_inquiry,0.6957411223500423,0,-0.668990074322861,0.2346341870620733,-0.668990074322861,5,77,14.50946539513162,0.2496260107155938,0
technical_support,0.6078443729144106,0,0.9988354971516248,0.33778005587736987,0.9988354971516248,10,122,28.097332171583858,0.17468373080861893,0
fraud_report,0.8504786688731536,0,-0.10033818070494221,0.02110312119200351,-0.12192749900315468,6,93,10.53051647769011,0.13823164242081837,0
fraud_report,0.5405850640981519,0,0.11902427935904014,-0.043450249251589954,0.04026894927469801,5,68,29.476958428074614,0.22395755601933354,0
fraud_report,0.6134444435266697,0,-0.1568560953912648,-0.1501903749942697,-0.4681823945155815,6,82,2.287905143593825,0.33561831305583223,0
cancel_service,0.8201087949539091,0,-0.06609578293812188,-0.003957796367356849,-0.16469745393021384,12,169,14.512649518448352,0.17774415157425824,0
fraud_report,0.5829986322271529,0,0.09095022241744723,0.00315381975526198,0.03209133380841109,5,61,4.08386597724595,0.1990044563771583,0
sales_inquiry,0.25255725571170473,1,0.2817346012180779,-0.11963798858495156,0.04578330708944611,3,33,7.975696716719966,0.37206394603594284,1
account_management,0.6622857101766955,0,0.35044899920027006,0.01983787617191637,0.35044899920027006,8,107,6.172800887355123,0.11495815928984282,0
service_outage_status,0.8436320373186524,0,-0.37237543375747495,-0.02662653228051807,-0.48383497554053034,13,174,0.7682412155637279,0.20317732414544806,0
billing_inquiry,0.6260422074838057,0,-0.3813080135927319,0.13512070105232,-0.3813080135927319,12,209,32.78726836017411,0.27320453094721353,0
service_outage_status,0.8643732728196311,0,0.8918814286093625,-0.16744615069963176,0.39764855787105335,12,176,3.6825736939275466,0.2176989958811177,0
service_outage_status,0.7144397658789051,0,-0.3046952469407246,-0.03959044467583446,-0.3582976146205773,7,112,11.353279418879529,0.21168045083841763,1
technical_support,0.6604718258367762,0,0.20472391562196798,0.10004045262345385,0.20472391562196798,7,141,15.332245889334855,0.02204761223935267,0
sales_inquiry,0.7455391554821453,0,0.8095030957986882,-0.0586025299202122,0.6087481792308135,13,208,15.636828387822371,0.1958729716865994,0
fraud_report,0.9239599492425228,0,0.6070010245610657,-0.08860252137326703,0.4119409908192231,8,103,9.049873212471224,0.2113423874777551,1
cancel_service,0.7174579844505897,0,-0.850459709073641,0.17540301599547886,-0.850459709073641,12,207,0.2038876683556219,0.31761087321207315,0
service_outage_status,0.4605911412521003,0,-0.2805072093008384,-0.1768525456444801,-0.7860090760240516,3,50,5.258443044155198,0.41195687957677496,1
general_inquiry,0.782779693359082,0,0.1387196247210886,-0.12826243452972247,-0.08050437246283092,6,86,7.0823676081307205,0.1630948605316189,0
billing_inquiry,0.4538089014725574,0,0.6043230330217769,0.14325971000544654,0.6043230330217769,9,136,25.455966155563942,0.1717258642115774,1
account_management,0.8326047785359277,0,0.1621064351581302,-0.18497964343150014,-0.1064714153422456,4,70,12.637918832330158,0.18757804975991585,0
account_management,0.7799155936012255,0,-0.17697190351290096,-0.06269051072401158,-0.3695043436914812,7,115,3.773549824378261,0.2069681026422215,0
sales_inquiry,0.8861646299227713,0,0.06779599986294987,0.045213965429092104,0.06779599986294987,9,150,27.40305254129005,0.2302714214919972,0
technical_support,0.889658865096312,0,-0.2546135298631341,-0.02436868738997872,-0.3483554026315413,13,185,12.335118992188233,0.291870460107413,1
fraud_report,0.7163817121252299,0,-0.014700765005548691,0.02545698458231663,-0.014700765005548691,11,156,18.39033498722423,0.22337520414326628,1
sales_inquiry,0.8107141894565948,0,0.6012348802194656,-0.07728416182641948,0.36656596428087596,10,167,20.945355388986695,0.2796122944966115,0
technical_support,0.9396591405066911,0,0.3135186257402725,0.06849117572500082,0.3135186257402725,7,100,1.3694082028686334,0.17393584259864675,0
cancel_service,0.7389148297878089,0,0.16634486613571167,-0.008486002964557893,0.11766641409863586,12,142,33.52098006109083,0.2071808896492853,1
cancel_service,0.8208133005398578,0,0.4716584993196765,0.046188198850793866,0.4716584993196765,12,149,23.959851206364032,0.19443397323828404,0
account_management,0.8975200206651062,0,0.3289334898755437,-0.3265800968253038,-0.4675904450297699,8,117,1.2590341667229297,0.3923404488731793,0
cancel_service,0.6410303079323448,0,-0.45177530880207195,-0.016258779973022233,-0.6468910712760967,3,39,7.619729624814115,0.32172384818699096,0
sales_inquiry,0.8831168357689493,0,-0.29796057432282597,-0.010677336234745026,-0.3224321274366821,13,209,66.21040828699955,0.2941516485920256,0
account_management,0.7756270389346959,0,0.20324353601997974,-0.21742279541424403,-0.3295748410446171,5,78,0.05821615623144273,0.2649252042297436,1
sales_inquiry,0.5699933351926536,0,-0.8226720597530506,0.09897404031014415,-0.8226720597530506,13,187,35.287000110121674,0.33988514824545,0
fraud_report,0.7709618846438758,0,0.5712880812762422,-0.06714903027991043,0.3738515981103514,11,203,21.527232796744936,0.2645588504114909,1
fraud_report,0.7148286705309711,0,0.34506766676058503,0.17495111153996795,0.34506766676058503,6,88,4.844767675753383,0.22860769280770205,0
service_outage_status,0.700295270846894,0,0.27865757620510445,0.14937797923684357,0.27865757620510445,8,123,2.5276686802343424,0.20278553357235407,0
general_inquiry,0.7907780995546393,0,0.44694171726471155,0.20295343799083468,0.44694171726471155,9,131,2.5941842089521723,0.14046309949766614,0
fraud_report,0.47348632001452584,0,-0.5934949933593208,0.11899163101892123,-0.5934949933593208,11,168,17.83840541955647,0.3159349777231613,0
sales_inquiry,0.8527332059788709,0,0.13241903554428064,0.08708412324972074,0.13241903554428064,6,69,1.6704360465653876,0.11961842877672248,0
account_management,0.4645024812115825,0,0.30645777128180796,0.17151296343756087,0.30645777128180796,7,115,6.675909007864916,0.13885680449795557,0
cancel_service,0.8021971094212427,0,0.41606258683828,-0.004918441477703147,0.36558508106269927,6,83,1.4692365890539378,0.18782100762469595,0
service_outage_status,0.6539420583882835,0,0.44864373175690353,-0.1007565115973338,0.15848282833897726,4,60,13.049639764158153,0.15439021058703503,0
cancel_service,0.628061624968782,0,0.6570235854154582,-0.026470581948195016,0.5689745692599117,8,123,2.490136099723834,0.29742290243786795,0
billing_inquiry,0.740959633663167,0,0.563034020933537,0.1459021794181879,0.563034020933537,11,190,1.1891439307448106,0.03977255216538211,0
technical_support,0.7921785367456446,0,0.21911926717717373,-0.10319677358068421,-0.16929716447596568,6,106,1.9456004482560516,0.0944031027438783,0
account_management,0.7895152197757802,0,0.2431302747294768,0.09576418042298716,0.2431302747294768,4,64,2.5590786917303143,0.0595485527370332,0
fraud_report,0.4741765096240729,0,1.0,-0.11941344450326855,0.6737141522803728,11,165,24.30764058161886,0.2282710028291891,0
service_outage_status,0.7268641701344487,0,0.9728392901084874,0.279783683660282,0.9728392901084874,13,225,23.895501518463803,0.1322332753264439,0
account_management,0.6692131491937351,0,0.5083045371234591,-0.19089656843839828,0.1593438935956911,6,123,15.580346181361774,0.20077585199994852,0
technical_support,0.7631107689286073,0,0.27371330005547434,-0.21957052897932736,-0.18220919065684282,12,170,4.692044818405534,0.2936104995533377,0
general_inquiry,0.9526947268116557,0,0.19693829885228853,-0.043702177913583135,0.01816722592085876,8,96,55.201048924326365,0.29510914723694837,0
account_management,0.6335144886644489,0,-0.6088849077635087,0.07586933616736012,-0.6088849077635087,9,130,4.361394722073688,0.286584018100431,1
billing_inquiry,0.6024716830933077,0,-0.22392405923940237,-0.22917414845899142,-0.7711072678278509,5,72,4.363376075627014,0.28761949994047187,0
service_outage_status,0.5868619594094455,0,0.19989686622644756,-0.03916568723842477,0.0678834792005431,13,204,17.449609422958886,0.18920490979530566,1
general_inquiry,0.8056497154356596,0,0.5325048038483838,0.14960050943253156,0.5325048038483838,9,156,59.278490608780245,0.2194842502084095,0
general_inquiry,0.6390078416456881,0,0.5872177408729626,0.2832174222612212,0.5872177408729626,6,110,3.2738727662329046,0.16291408935394586,1
cancel_service,0.6375059055272413,0,0.04751006906158311,-0.2754897051321332,-0.4466742143502647,8,138,15.545330067023862,0.4631570446445905,0
technical_support,0.6304223780629276,0,0.4436941547865212,-0.09719766695734394,0.2103345995882769,8,99,12.534503622143616,0.18785820747837065,1
cancel_service,0.5416912268499915,0,-0.1335610802099285,-0.17888974991432777,-0.5005352191161324,8,120,12.135338129888765,0.31142269593761807,0
service_outage_status,0.35512762012158033,0,0.1131015200858314,0.12132385904314134,0.1100401176974462,13,157,20.645274946486886,0.24755636573234263,0
general_inquiry,0.6996143447273674,0,0.7378208122169303,0.05064522681740967,0.7378208122169303,11,162,75.93553327410783,0.27713796981422795,0
service_outage_status,0.6927803851548887,0,-0.3630075455528503,-0.24620910644567193,-0.9814021605604206,10,157,9.886542040920666,0.4659668872944849,0
sales_inquiry,0.8600231678726683,0,0.3009239459858103,-0.20467197418387445,-0.3446590130857382,6,76,10.65163928986113,0.27229588585426384,0
account_management,0.6789551698847405,0,0.24985849280608344,-0.11310870230323908,0.1270496678690326,5,86,9.657838375993077,0.09960462446194943,0
sales_inquiry,0.3813771260680656,0,0.08363385052349556,0.20251138345477884,0.08363385052349556,7,121,23.960933357901034,0.12436350833647525,0
account_management,0.7358926610316809,0,-0.19513104696222153,-0.39049718669554256,-0.7235028260031187,7,115,5.531783523001744,0.3900685395213109,0
cancel_service,0.8431981546493268,0,0.8845765746902245,0.21251228348429702,0.8845765746902245,6,106,0.48008993060634686,0.18610390599900176,0
technical_support,0.6532360855716105,0,0.39242357215186996,-0.04463703291082906,0.28401234890757115,4,80,2.178017377303986,0.10147188549047997,0
cancel_service,0.8177565378842986,0,0.14275217096945,0.12533018014838093,0.14275217096945,5,77,11.02648634412172,0.14418382043830108,0
sales_inquiry,0.5354201329209105,0,0.21669355326043593,-0.2864483299612002,-0.3673547058013109,10,166,5.464176303635234,0.3432043877412555,0
service_outage_status,0.6589367183069378,0,-0.14275547529241145,-0.0220462092677707,-0.22205088451578148,13,213,35.90658747235841,0.32257517849222483,1
cancel_service,0.6323625649343283,0,0.13110084552195111,-0.12769787747444386,-0.06487941331912375,8,122,7.364765536374867,0.35255694631945744,0
technical_support,0.9322724011743461,0,0.44150469979858376,-0.31903105967793943,0.043736477271784806,9,154,58.961506773353285,0.3494201207928273,1
technical_support,0.4465413583344897,0,-0.1480405508558089,0.10457667513708326,-0.15316411687128612,10,193,2.6321262386716096,0.16886529159925304,0
technical_support,0.7015002742303746,0,-0.18078422411402376,0.2218781740030828,-0.18078422411402376,13,204,17.362501250369647,0.22273316784185027,1
sales_inquiry,0.6931618901447028,0,0.453030264792197,0.12499693550199457,0.453030264792197,8,93,13.773120021948591,0.17326974207042828,0
billing_inquiry,0.6426180089244716,0,0.16589133811484919,-0.17751350784643993,-0.15908827037279888,4,60,23.199991796128906,0.29850992482240457,0
billing_inquiry,0.5100020041082095,0,0.14338924845735002,0.20061416415363967,0.14338924845735002,3,39,10.590134379241027,0.17060895836938997,1
service_outage_status,0.5506717696714727,0,-0.06598196968267186,0.017454868154527983,-0.06598196968267186,9,131,14.854415967465563,0.16194119709441518,0
technical_support,0.3832122110539904,0,-0.10657636033232729,0.025146066537266875,-0.12314033201323486,12,166,3.421546595877566,0.20081433110775626,0
account_management,0.795567545455664,0,0.49394849149593534,0.23917714471941756,0.49394849149593534,4,64,1.26461237821872,0.14304017706602232,0
cancel_service,0.7194331657661004,0,-0.1315777814378376,-0.014668135374204416,-0.2279495418962489,7,103,5.660316561240524,0.255067542114892,0
account_management,0.8627705005864943,0,-0.4750173482177402,-0.06664743090945766,-0.6747198219974019,3,53,5.323660594227667,0.3589041727489605,1
technical_support,0.5091150519435595,0,0.3702058978538991,-0.11967015233187273,-0.027684640188580828,12,183,7.154404898599606,0.2247503095832501,0
account_management,0.9198206531913986,0,-1.0,-0.014230166163071382,-1.0,4,57,10.006829733705052,0.34950542138292334,0
sales_inquiry,0.5607552680920879,0,0.36904334767755875,-0.20964389339739176,0.033066715948762204,9,129,23.23833396970208,0.2570828209608327,0
service_outage_status,0.9340571640666329,0,-0.017274417763007727,-0.158154271633184,-0.3354390980409091,9,131,1.4725600985142193,0.2657343281077055,0
technical_support,0.9943482791617222,0,0.4573711928815214,0.036924908742225454,0.44712542648982334,8,122,5.7367380383860205,0.2920452643108682,0
technical_support,0.9505142425872316,0,-0.28665721216236817,0.057338006660390475,-0.28665721216236817,7,106,28.87537914416288,0.16734885067887337,0
fraud_report,0.5980326839632104,0,-0.2570942929993917,0.010422657884193502,-0.3542870482639968,7,103,3.607647154064122,0.21758800346434487,0
general_inquiry,0.8670624379606605,0,-0.316064780127873,0.1819852669839823,-0.316064780127873,9,124,3.9307161490877904,0.24010465393460192,0
sales_inquiry,0.9127538384742072,0,0.1104428442564049,0.12665052197481563,0.1104428442564049,11,177,1.120927782157145,0.1930452639943764,1
account_management,0.5267832739254822,0,-0.02559772536099314,0.0006900111041487009,-0.0317611080597272,10,165,0.1744787909689847,0.17147790121018958,0
general_inquiry,0.4978002837962506,0,-0.7009509124675116,-0.12734278190996198,-1.0,12,182,11.149825488360946,0.326985742113542,1
general_inquiry,0.8920787983639105,0,-0.044868560356227716,-0.1723909547704539,-0.4237719111794773,10,172,33.14166657371581,0.3778410568196558,1
technical_support,0.7038665461653907,0,0.005925600956137311,0.012267891315016748,-0.0027634116214342724,11,154,18.253129152001822,0.22810307116358078,1
technical_support,0.6163507272407812,0,0.6115200977533075,-0.22330080236071692,0.17589341600196298,9,134,2.845030198903538,0.2605884095756163,0
billing_inquiry,0.7492837854575637,0,0.38885490638902875,-0.20785292718278478,0.08112600339421677,3,48,2.9245668450481044,0.15425013235287066,0
general_inquiry,0.9290190019713951,0,0.6121994574063403,-0.26444042870215767,0.1988860237541526,6,66,17.971608748020493,0.16487972470489126,1
cancel_service,0.8694732370116404,0,-0.4157404331174185,-0.035001111974911264,-0.5414655519426217,9,116,0.17268769980264786,0.335082343143468,0
sales_inquiry,0.5979915506385748,0,0.6407529872009644,0.053254886741711166,0.6407529872009644,7,110,4.509818347256394,0.06830049201823386,0
cancel_service,0.7242039792308466,0,0.7658646671165744,0.18181712089807325,0.7658646671165744,7,113,21.213259838340385,0.23196889974466206,0
cancel_service,0.7619552120961532,0,0.5020360200570104,0.16049848349905288,0.5020360200570104,9,122,19.596859033192278,0.2887254775122797,0
service_outage_status,0.7211219885965587,0,0.029235430967333484,0.15844555349306375,0.029235430967333484,11,170,14.601184412012568,0.12664979452876488,1
billing_inquiry,0.683002658009036,0,-0.6209915186391302,0.10055689584874235,-0.6209915186391302,7,108,7.755489841664627,0.24821558925684162,0
sales_inquiry,0.40748709481153567,0,0.12523853190676149,0.12556016176384519,0.12523853190676149,9,115,1.0287711126325818,0.14510449948730125,0
account_management,0.6456311607297595,0,-0.3163090476810323,0.007260648893157834,-0.3617401817325939,3,44,5.796954125986465,0.2407535031698797,0
fraud_report,0.7972971219917563,0,-0.03941760668868993,0.12407248775790865,-0.03941760668868993,4,52,6.733136424263128,0.1558485272637506,0
account_management,0.6805701249752975,0,0.17630722653423345,-0.19818793394147508,-0.1070144475087986,12,191,32.35081895880966,0.2280340307488798,0
cancel_service,0.858831982054124,0,0.4048163782867119,-0.02425707252554401,0.2972684912730878,6,106,9.289181305670692,0.18730194147855184,0
service_outage_status,0.7737319680612035,0,0.3136641951100445,-0.2992429300181727,-0.5450830695282312,11,172,12.73086065908131,0.3914712610442566,1
service_outage_status,0.584718278859298,0,-0.7438555005396064,-0.20860903539568956,-1.0,7,112,0.3386750684127846,0.42875564689399204,0
cancel_service,0.8763425126459162,0,0.36469520254500365,-0.04410336950891214,0.23276379164561156,10,147,2.7821158946466,0.10668634727106636,0
billing_inquiry,0.912049664863337,0,0.29701205252998764,0.023676032297044406,0.29701205252998764,8,104,2.6342794186134353,0.13765496394781393,0
account_management,0.7018121194077389,0,-0.11867582940949514,0.015718884109955502,-0.14336076486654686,7,90,1.2513069054868013,0.18348220991258102,0
sales_inquiry,0.652400300953924,0,0.44643335884575086,0.0767529166201125,0.44643335884575086,7,95,2.6333198054740254,0.13587568099524722,1
account_management,0.8156261732110213,0,0.17722157534073918,-0.05043688587806067,0.03505461485916099,6,71,7.374984309658691,0.1577474075317682,0
billing_inquiry,0.26082463451234916,1,0.494783449792209,-0.09576854875946511,0.3486910643317297,9,145,14.993678767755029,0.40382056870916994,1
cancel_service,0.7966682171054035,0,0.49980273812564857,0.20525016828199627,0.49980273812564857,10,133,1.68611630040861,0.1905338706946148,0
sales_inquiry,0.859478868730211,0,0.3303745267250736,0.04165069392585628,0.3303745267250736,5,81,2.838845402107398,0.11474753251469669,0
general_inquiry,0.5681303350031085,0,0.4136681379189283,-0.12200144379522307,0.10905083943622731,14,229,7.486647821307244,0.20393262306400595,1
billing_inquiry,0.8590316964736354,0,-0.4128215167600584,0.23069869013792074,-0.4128215167600584,7,85,4.164124044466226,0.15957188582129178,0
billing_inquiry,0.6937793452009264,0,0.24764699695773848,-0.17087095105158304,-0.2181316782911177,4,48,16.626437230418674,0.22494722904835493,0
sales_inquiry,0.8534093132256156,0,0.15164969179206303,0.07591958027588895,0.15164969179206303,8,158,11.35850065968802,0.14295909946451132,0
sales_inquiry,0.9308949900207936,0,0.4893929174684226,-0.23256333769830206,0.030474868423740628,10,129,30.366164402660928,0.2611983234141313,0
general_inquiry,0.9728521857847147,0,-0.09351715563417257,-0.06222093367198908,-0.3088990580233132,5,70,0.9907251509943124,0.09001352176856772,0
billing_inquiry,0.6472705762864508,0,-0.07982079896249633,-0.257860896576605,-0.8529560866949217,3,47,1.7956118810799417,0.33737370818253665,0
fraud_report,0.7970658978073786,0,0.4762644561370636,-0.03457097566491466,0.2876634366724944,7,79,6.422551695226296,0.19021900753252946,1
billing_inquiry,0.7472204725722738,0,-0.09504541915062009,0.14214380825646822,-0.09504541915062009,7,104,2.802464569823477,0.14677092585318108,0
cancel_service,0.4047671509348106,0,-0.09533446716501362,-0.3554837671828924,-0.7097731658028726,11,162,21.09249687670988,0.44865614441228346,0
sales_inquiry,0.8582892139215954,0,0.1632682059039901,0.049448270857683205,0.1632682059039901,8,98,0.7318356592730584,0.12694633487242052,0
fraud_report,0.8042598778735205,0,0.6861798110249919,0.005099641786663438,0.6314472263841968,7,112,20.114930010929257,0.2232124094649464,0
technical_support,0.8167423708087173,0,0.27539088770667686,-0.06468342925490281,0.09783737939325608,9,154,4.118512145332928,0.2074952038045568,0
cancel_service,0.41615550691183717,0,0.03519710193982431,-0.3344287815402997,-0.501284280629435,4,62,0.6264351866246141,0.4037875234359621,0
technical_support,0.8897657886860659,0,0.03815896133388265,0.11974567876740376,0.03815896133388265,7,122,4.735025977746372,0.11830550371984247,0
technical_support,0.6660465416274475,0,0.2895541044968085,0.10166251007431568,0.2895541044968085,9,131,7.717193727895932,0.15636893740106111,0
billing_inquiry,0.7752993471640657,0,0.191869338652881,-0.10596076902409794,-0.028552152987436477,12,188,11.433630602472245,0.3415668426503795,0
account_management,0.4351154867083716,0,0.07441304346686939,-0.1519649175392026,-0.2801282193454571,12,179,20.098657915672636,0.34099630295225913,0
sales_inquiry,0.7748751676696447,0,0.0693959902517288,0.06656098545888109,0.0693959902517288,7,114,6.058555797381749,0.10887778748385177,0
cancel_service,0.6865363449052101,0,-0.6267178265060179,0.12133458343690022,-0.6267178265060179,6,90,22.635764131442038,0.2856925213105373,0
service_outage_status,0.8499996259579281,0,-0.29110290543471573,0.15236142804741706,-0.29110290543471573,9,114,13.009765717518242,0.19849673458404313,0
general_inquiry,0.7744259609466184,0,-0.3648647448100838,0.3095854203852432,-0.3648647448100838,11,138,1.16811563333036,0.1722867832988596,0
sales_inquiry,0.9163774090615274,0,0.2551229171106352,-0.28081830992489937,-0.5161203197010164,7,130,12.22045849543357,0.29729102022440484,0
fraud_report,0.8513202549330037,0,0.03212282252342945,-0.15386473823361208,-0.28381919916502685,14,207,32.39332590972631,0.4103259321015394,1
sales_inquiry,0.4090769883628813,0,0.08489717340809497,-0.005448681952076028,-0.07788393464205286,6,90,1.081345637718425,0.16535512220355505,0
general_inquiry,0.6277173007985787,0,0.1316844242056369,-0.21093522962583688,-0.3502036701470447,4,58,0.271395743503247,0.1250114278083821,0
account_management,0.730556979810205,0,-0.029886525361114885,-0.1440924140301514,-0.44927766399625385,10,142,19.489541127586737,0.3012978615265678,0
account_management,0.8559669040220454,0,0.018964848102880377,0.02836917431144494,0.018964848102880377,3,58,2.8376169080441365,0.11906834760433017,0
account_management,0.8114473868409484,0,-0.47982837482974416,-0.15107660211869722,-0.873675454003093,4,57,51.11308723143066,0.4137768483085731,1
account_management,0.7438471283786633,0,0.5591681711465912,-0.3527213257776376,-0.4899825346460795,5,72,4.983558245900218,0.3143427118446334,1
general_inquiry,0.7852588967724662,0,0.568941153185241,-0.11349489092855405,0.31939031373092897,9,132,40.000863710047504,0.30646699975336233,0
general_inquiry,0.842054105129974,0,-0.07046795998642474,0.0920683806679706,-0.07046795998642474,8,121,1.871504516681113,0.13331210710569658,0
general_inquiry,0.8378627931869402,0,-0.06298379709825508,0.06251842516758449,-0.06298379709825508,6,96,0.38605186945178827,0.09662087525797595,0
sales_inquiry,0.5729899812725463,0,-0.374908638915021,0.15622063331185285,-0.374908638915021,8,147,5.743128882796022,0.26115614634999146,1
technical_support,0.7069291063528185,0,0.517500772003566,-0.01757779209561721,0.4009886114071233,9,129,9.909967552139287,0.15672867866453835,0
fraud_report,0.40194589742252873,0,0.2971119614166182,0.08926584221721709,0.2971119614166182,6,90,8.769891802109996,0.3057504033112954,0
fraud_report,0.7366616897191999,0,-0.37339036372218926,-0.019030029503802854,-0.45759120703061246,10,170,20.725913442840888,0.21565870028541206,0
fraud_report,0.40257518967597616,0,-0.19045955836086934,0.27496336507300956,-0.19045955836086934,6,108,3.962104708402445,0.2022522979190077,0
cancel_service,0.8688698319962893,0,-0.43615513237255343,-0.032831480906341144,-0.4863538380407136,7,118,19.361545091671733,0.2819657665887767,1
sales_inquiry,0.5932514945202817,0,0.4520803004608597,-0.14386399304039435,0.11441217901413639,9,120,10.079447607519063,0.16887886141821,0
cancel_service,0.5684976587426279,0,-0.37042505207144116,0.14788808781430024,-0.37042505207144116,4,61,24.162263009530257,0.23211625283830034,0
fraud_report,0.6476608951575851,0,0.6236730144884118,0.09041667677279594,0.6236730144884118,9,119,5.664363533802511,0.16867851648476573,0
account_management,0.7899649893206158,0,0.7379497096832862,0.015430193017610044,0.7313001776947059,4,55,0.5300427686878247,0.12063454402585541,1
fraud_report,0.5770008989485205,0,-0.22828135593631757,0.15396394157439242,-0.22828135593631757,6,96,3.447803115199127,0.2669247769999621,0
general_inquiry,0.8517055886716791,0,0.23975144503628332,-0.04619753692991156,0.17669492174536713,13,220,7.775199986000834,0.21486345864358838,0
billing_inquiry,0.6003480531589872,0,-0.40225019957809316,0.2145657688917512,-0.40225019957809316,7,79,23.68966242483074,0.2346072240358264,0
billing_inquiry,0.7826073826068095,0,0.12256423972688993,0.12299768811068852,0.12256423972688993,6,81,8.624547300656843,0.04856456923219481,0
fraud_report,0.630051667864296,0,-0.03594191972238278,0.027138772763988236,-0.03594191972238278,4,52,9.223665403374666,0.18193953129243995,0
service_outage_status,0.6203079843569045,0,0.05489650827432201,0.0814882165592739,0.05489650827432201,10,120,10.704408421315264,0.16779423393671722,0
cancel_service,0.7543598099250509,0,0.7249486271471921,0.12963225626724828,0.7249486271471921,6,103,20.236264922685493,0.213579224278911,0
technical_support,0.7860968581301275,0,-0.22767314710882944,0.0692797282083237,-0.22767314710882944,8,117,33.32891748252348,0.14838331931220633,0
fraud_report,0.6286210668992939,0,0.5105927830819195,-0.1628835513419613,0.09931765379841703,5,52,0.7070745387405359,0.15687872973707456,0
general_inquiry,0.6415628174200056,0,0.05817220380909135,0.12486556019545257,0.05817220380909135,10,128,29.82769863458363,0.22237788271203468,0
fraud_report,0.5787909974896002,0,0.14073128530071555,0.01613480742363581,0.1278664132634178,10,182,4.5209096016835835,0.25903577754543183,0
account_management,0.8838519935012347,0,0.8643555522205769,-0.018358283934956712,0.7328738182540085,8,124,33.57175397523046,0.13533598461409932,1
service_outage_status,0.8202608271762046,0,0.5108776252923332,-0.030469308390973122,0.4465387832116837,12,194,11.608920983158681,0.18373947422291148,0
service_outage_status,0.5849754805713883,0,-0.07589083994422721,0.010384396649755816,-0.08174108981531833,5,91,4.1832069269033525,0.05865961894865156,0
service_outage_status,0.8104289401378462,0,0.71104408551586,-0.020895993104098325,0.6391225286460026,11,149,2.1843839990770686,0.13168981953702702,1
service_outage_status,0.8359951586474266,0,0.43063514421662974,0.17061322447642546,0.43063514421662974,12,164,16.59909108625299,0.1483451623011878,0
account_management,0.6094444730125756,0,0.49478723229085486,0.07169171648645736,0.49126784865205375,9,152,20.89951532479816,0.16110833865567875,1
service_outage_status,0.8325582041945468,0,0.0806280831195668,-0.048793066861313183,-0.0998028359910437,10,129,6.9857416744915435,0.17931589865621053,0
fraud_report,0.6543113164572447,0,0.6086307334934384,0.10220325411251667,0.6086307334934384,8,137,3.862796983580859,0.20357437583664817,1
general_inquiry,0.43444828934077645,0,-0.3500091370546049,0.15048061796516513,-0.3500091370546049,6,97,10.802874001471942,0.1480840466291694,0
sales_inquiry,0.7794530073586348,0,-0.6462721213912478,-0.1104695335909626,-0.8320446774727573,11,159,12.83404690231397,0.424892528404397,0
general_inquiry,0.4904389799991246,0,-0.11727667945924389,0.03457925171182383,-0.11727667945924389,5,60,18.71438438562349,0.1618310087191511,0
technical_support,0.6610271309799717,0,0.4679737181168129,0.13759161564321926,0.4679737181168129,5,88,3.307650886929281,0.104638518662309,0
technical_support,0.36622917965020674,0,1.0,-0.1592615614913663,0.6596916043224786,12,170,0.04034013980137406,0.17076180069294855,0
general_inquiry,0.8672338962444046,0,0.16470008448109938,-0.1387341637467649,-0.308366326589949,12,196,12.97427963047776,0.3513525427975636,1
cancel_service,0.3166627254636052,1,-0.11573174064578903,-0.10543509242033995,-0.4459816462350781,7,97,2.401492717520054,0.44215491112577326,1
technical_support,0.5271377135334426,0,0.9510503866403245,-0.15029865272500917,0.6504515723991466,5,97,6.3016480303871365,0.1626502804188698,0
fraud_report,0.8862285757661861,0,0.32491963523782613,-0.11697306829569691,-0.020268254457717114,11,152,6.372701452264878,0.2186933461154923,0
cancel_service,0.8061206894027473,0,-0.9277221521068529,-0.00152612618764408,-0.9817834857836031,6,106,10.353003510392394,0.3127791612716958,0
fraud_report,0.685640331858237,0,0.3194518840891374,-0.34280094767865693,-0.6060356811332347,10,153,29.971520289979942,0.5296728155906414,1
sales_inquiry,0.7650416821700609,0,0.5880383004310998,-0.17135938926636196,0.29863919165305924,11,171,0.5760158770693334,0.16013271535193216,0
fraud_report,0.7468495651722248,0,-0.2988946672085898,0.15458690692568375,-0.2988946672085898,5,77,32.49245205133109,0.32533225349234773,1
general_inquiry,0.653064937716786,0,-0.09560543423343026,0.031775844080192614,-0.09712711847216557,7,100,7.046327839390722,0.10499988301589133,0
account_management,0.5622137535246732,0,0.26848364631602983,0.1385672948427098,0.26848364631602983,6,96,18.236348173062584,0.14513771847770754,0
billing_inquiry,0.5697832130140904,0,-0.13307784396824096,-0.06443208857691152,-0.2736423087869397,3,32,9.567492937872808,0.1120060386226851,0
fraud_report,0.4489405168335087,0,0.31574389489087673,-0.034182654566529705,0.18248360485708398,7,97,58.380691562916965,0.30217568251905763,0
billing_inquiry,0.9673033533955419,0,-0.05412439891445697,-0.09782010055331035,-0.29250600593383647,8,107,16.119544041389826,0.33876013840278907,1
cancel_service,0.8576204833689638,0,0.16366881057723193,-0.026699789907043532,0.056857042611845474,10,182,0.9752771777790318,0.20453220629473354,0
technical_support,0.7447575080640719,0,0.07927596780502445,-0.08705060862123065,-0.09973435453787076,10,138,3.484610042051507,0.12235648270623178,0
account_management,0.8018360404104697,0,-0.0949746533756636,0.06579552525087266,-0.0949746533756636,7,124,9.397860761978624,0.1092990082209388,0
cancel_service,0.8576270011339429,0,0.0838197276205783,0.11527485565544028,0.0838197276205783,13,190,16.518950338630393,0.24725299509102486,0
technical_support,0.4828411111248008,0,-0.013291496784605547,-0.030583659291676515,-0.12173804570821625,5,81,7.767552118959624,0.14862931610276303,0
account_management,0.8667271810458991,0,1.0,-0.02846450188275452,0.8525504092642555,6,81,19.085816453005606,0.10252039727313904,0
sales_inquiry,0.7089591551662494,0,-0.12755558325611968,0.11879745202404111,-0.12755558325611968,4,50,21.470466701447762,0.1725905898885458,0
sales_inquiry,0.6475089793080585,0,-0.18459879784160224,0.11046872703130396,-0.18459879784160224,10,149,5.198807490251815,0.11294125980957724,0
general_inquiry,0.35315568416473425,0,-0.010271691070098732,0.014826892573854871,-0.010271691070098732,8,120,8.347823014277264,0.10656670585779318,0
sales_inquiry,0.9027137672613122,0,-0.4241852751735006,-0.008410708673974688,-0.5485213982067971,4,61,2.0730822985828126,0.22896503253670628,0
general_inquiry,0.7690046583646648,0,0.6520264068795258,0.27032313064527713,0.6520264068795258,4,70,14.537663943128054,0.16059571052063662,0
fraud_report,0.8345951221045076,0,0.0702018254523093,-0.015078993360214121,-0.10108538637193173,7,119,7.555481683492225,0.2421688030914009,0
billing_inquiry,0.8604274176392489,0,-0.12748372709407257,-0.07670013947726599,-0.32779774272456846,11,167,8.874023161499164,0.25565977471907597,0
billing_inquiry,0.5671929223534319,0,0.0209387303476046,0.12816427551096726,0.0209387303476046,6,105,5.793295505427847,0.08781120061125584,1
cancel_service,0.8471322038560191,0,0.20184525155275385,-0.13229770098202012,0.03329967811346596,12,164,10.937940382151803,0.3495452175164495,0
account_management,0.600045201895589,0,0.7177335241561952,-0.12031816027899139,0.5450695164890035,10,145,2.9600531553122154,0.26481070439041277,0
sales_inquiry,0.8844113459345695,0,0.33403990580551557,-0.006289423144562149,0.31973569154380505,7,96,10.341436385813411,0.0564038127191793,0
general_inquiry,0.9058781288888242,0,-0.1255505471564618,-0.21802592545727245,-0.6096954473510825,9,179,23.38089903367225,0.4102005274925147,1
service_outage_status,0.6848903012483241,0,0.07475686297937355,-0.11321419610761405,-0.19442195060493558,12,216,23.980451386835494,0.220291461148913,0
technical_support,0.6881163507609972,0,-0.4551691621640802,0.09301623624848016,-0.4551691621640802,8,122,3.01235752688496,0.3169888763310319,1
general_inquiry,0.3533431149972307,0,0.32299379176294873,0.03880510754135398,0.32299379176294873,7,110,35.17810614070878,0.16597999382360232,0
account_management,0.8943617852526933,0,-0.5683095326045169,0.01412264025579157,-0.6128461923680919,8,130,16.350194785445673,0.29775515541200714,0
sales_inquiry,0.6756193408226375,0,-0.44841417643463477,0.1308167052413097,-0.44841417643463477,7,120,3.819689726032155,0.2574430468828772,0
service_outage_status,0.8358892537927092,0,0.14457322518647642,-0.0796099919259701,0.05491651660972113,6,92,0.6621044976970006,0.1520441761371924,0
cancel_service,0.7326347612900348,0,-0.2144078884492874,-0.04183808169575579,-0.27863361141864107,8,94,2.451901167013306,0.33145038948010824,1
service_outage_status,0.7147508879754898,0,0.2306777099640387,-0.01306222388612134,0.12960553102118597,6,93,2.050968468254461,0.07491850659098231,0
account_management,0.6965644474559429,0,0.13336764702994486,0.14993051756078188,0.13336764702994486,9,127,16.20060369097404,0.09263986355529163,0
general_inquiry,0.5908995301537973,0,0.6177549668433534,0.08480460470368942,0.6177549668433534,8,125,1.4715117413866403,0.0875123901651134,0
cancel_service,0.7314657600864896,0,-0.06775013850119535,0.021967005497119923,-0.06775013850119535,7,97,14.817387596283703,0.24633241508996156,1
cancel_service,0.9180450016570817,0,-0.37577312687708886,-0.1459488786491524,-0.7581402177829564,5,68,14.791899845631526,0.3690403174631638,0
cancel_service,0.6428696935070625,0,0.26061739319722177,0.24882599342436443,0.26061739319722177,7,99,30.348343607682004,0.23559603843795135,0
cancel_service,0.9200297977955878,0,0.7992701529392492,0.015206441996804414,0.7133249131525017,8,108,36.60965546505778,0.19916352977267482,0
billing_inquiry,0.8935141239065926,0,-0.22582589902724245,-0.3007861241811454,-1.0,9,121,20.66899814259807,0.38366176816120595,0
cancel_service,0.6602963761088666,0,0.8368780951833766,0.381281644448628,0.8368780951833766,7,113,42.81244723693854,0.3935029563819272,1
billing_inquiry,0.649796634221091,0,0.027193793175588885,-0.05750505033501231,-0.11901628281059895,5,91,10.437832116434526,0.22324716711335407,0
account_management,0.9797112225135542,0,-0.5140758294451961,-0.0234956831498204,-0.6666280263191142,11,196,25.61342612399642,0.3134987686710612,0
service_outage_status,0.8459459234696965,0,-0.9116602822735859,0.04848515809908893,-0.9116602822735859,9,127,23.02892052251926,0.26791357954897776,0
sales_inquiry,0.6225248883005545,0,0.07270232735813935,0.018098150835090785,0.07270232735813935,9,106,2.6884582322862105,0.22046182215711485,0
sales_inquiry,0.6304046422386842,0,0.4969537956571133,0.23948399716186689,0.4969537956571133,9,118,6.982671989411882,0.1285286152898878,1
service_outage_status,0.8279557186360379,0,0.28211106228546057,-0.04854591563228643,0.10889239230166926,8,138,6.813164761430785,0.17174720402377988,1
cancel_service,0.41543120800296585,0,0.19317966725613556,0.023168604285894682,0.19317966725613556,10,133,15.581218659220506,0.25470808209203566,0
general_inquiry,0.8314993451274834,0,-0.12021651351626647,-0.29048845662775674,-0.5187098833673734,8,97,18.712935335484403,0.33692110733218567,0
service_outage_status,0.815171931219327,0,-0.06662968901421659,-0.17044348984291005,-0.5181859444305593,13,179,26.040819171315512,0.37101775525053027,0
account_management,0.8166419704699983,0,0.9307890671007971,-0.1684002677646665,0.6028771259227964,10,149,41.99425771093628,0.2845215456727054,0
account_management,0.8726717483414869,0,0.24723690111882146,-0.1185640865581209,-0.002601727680912276,11,162,6.103113269737975,0.1791755329978957,0
general_inquiry,0.8779439528277304,0,-0.39212995079715274,0.09923848138112494,-0.39212995079715274,7,99,3.307494882345606,0.22957149746374433,0
billing_inquiry,0.6499192996211479,0,-0.7707280565330114,-0.058618001183494584,-0.8532068195291411,10,129,3.33770873923297,0.4447248502954426,1
fraud_report,0.8645828666903412,0,-0.02130932898214702,-0.2117430831635304,-0.3115662771742098,5,73,10.274873681374446,0.3368612049218716,0
sales_inquiry,0.6612181235099558,0,0.1749875868820287,0.2024709769620806,0.1749875868820287,8,121,25.12325078692022,0.12471942051497731,0
fraud_report,0.6781555883867338,0,-0.21985877393604844,-0.10084953529700819,-0.47319267650456787,9,159,9.74683259167447,0.2969816723534262,1
billing_inquiry,0.9141734511941845,0,0.31842326255769626,0.020799205632048425,0.30593986496504577,9,135,7.110612081023793,0.19207572473076379,0
technical_support,0.6743914502291032,0,-0.08271915818737394,0.00823620719622729,-0.13764849051416644,9,118,30.64252729283357,0.37443484982907577,0
cancel_service,0.7961039099375133,0,0.6423165631820776,0.18235639749325122,0.6423165631820776,8,127,9.014903213001073,0.22775696429485232,0
technical_support,0.5324900576273892,0,0.6804111852940561,-0.08898805857723759,0.5454561258953381,10,153,3.599370367312277,0.1234368175184998,0
general_inquiry,0.6565666629140752,0,0.4037947151202885,0.14685966141530415,0.4037947151202885,6,97,6.521542445669727,0.1737721414472868,0
fraud_report,0.9461686568970169,0,-0.2046497962185008,0.003053834548341499,-0.22685845151210154,6,65,39.52025731148033,0.21958314211194827,1
sales_inquiry,0.8188255702585131,0,-0.14771624907203434,-0.07147276317179535,-0.39959939290737695,5,74,4.378089980049433,0.2579466008712633,0
fraud_report,0.8308277061483652,0,0.6686506218644567,0.09010041585716663,0.6686506218644567,9,131,11.90263600587648,0.19972690737011642,0
sales_inquiry,0.6787069060622698,0,0.7453524419238639,-0.09356654967676331,0.518680273153478,11,192,30.81250429515231,0.24498113256589862,1
billing_inquiry,0.5902924762172815,0,0.9663739756216002,-0.023530998523684534,0.8677144638518647,8,125,2.558495221558987,0.047824067774748374,0
sales_inquiry,0.6583383766953261,0,-0.33024395358936853,-0.1318925523250221,-0.6581203352609077,9,139,7.781674578611998,0.2876425529385228,0
billing_inquiry,0.6480102614041373,0,-0.16580756059485682,-0.13771551059148956,-0.6132554406228071,4,61,6.511106935923519,0.30292374021189616,0
technical_support,0.7165213031417744,0,0.9796495221379763,-0.02637748861780531,0.882346692298226,8,108,52.9201288114647,0.2829692253891283,0
billing_inquiry,0.788442325073663,0,-0.10472798206956618,-0.18387655021610477,-0.6022360182051609,11,144,1.7122876689046502,0.24929933431125365,1
sales_inquiry,0.6370316941076293,0,-0.4808650641224874,-0.02373674301011357,-0.6305746506175942,12,198,0.6442673079865541,0.23212637156250177,1
sales_inquiry,0.6623272672188277,0,-0.829535810713773,-0.03888041046139884,-0.9569075544621181,11,161,1.1552488467016506,0.3032797859856624,1
technical_support,0.8278203229583869,0,0.4787812400957664,0.13717198394805263,0.4787812400957664,9,133,25.402941559783915,0.16931147182490414,1
account_management,0.54879706278964,0,-0.13030286738638794,-0.08861576864709513,-0.32866845831893576,11,166,14.587166138710359,0.22408786957858362,0
cancel_service,0.9912320335060749,0,0.22567841561081642,0.13877659017719596,0.22567841561081642,7,89,1.2363272662299571,0.1980720035618973,0
service_outage_status,0.8073029654521048,0,-0.5538289077608807,-0.11195045291152358,-0.8249548465730043,5,99,28.946742925693066,0.25051681018560756,0
account_management,0.7846716362767369,0,-0.23160278831557538,-0.03196884023912433,-0.4298850658366003,6,98,4.246225695171091,0.18953468710501084,0
sales_inquiry,0.7786491124930834,0,0.9771212360611344,0.16793538574914055,0.9771212360611344,9,132,6.892758092191649,0.1586249728115295,0
sales_inquiry,0.7614456620333706,0,-0.07107067711789578,0.10752974097554914,-0.07107067711789578,6,112,8.745616132895146,0.04730392419576909,0
general_inquiry,0.7613970277410291,0,0.24952575528079143,0.18915411400079482,0.24952575528079143,11,177,5.830365645181395,0.14477612999207873,0
general_inquiry,0.762906527491023,0,0.004144579135480095,-0.07593351401724904,-0.24139639454313228,13,185,17.997538943488237,0.23338667067499608,1
billing_inquiry,0.5458097795318694,0,1.0,0.011154977599090149,0.9833489052449609,7,95,11.375301446241934,0.079756695634761,1
general_inquiry,0.3553602712910644,0,-0.22240964883545886,-0.11148806115486704,-0.47967404077957027,16,231,17.667559738514967,0.35693385581614634,0
sales_inquiry,0.6943593756585189,0,0.18380958076033815,-0.007717365362007062,0.09961682721634148,7,101,0.25135426059382904,0.1400495448552451,1
account_management,0.5451558910751522,0,0.2813567849449805,0.21264826900135048,0.2813567849449805,7,117,11.15433794918761,0.14612812576188672,0
sales_inquiry,0.6576223010597831,0,0.5054798310918084,-0.030472868816361555,0.37801092380308476,8,119,11.672233588363262,0.16430211500066233,0
service_outage_status,0.7935023050944565,0,0.21027976303198948,-0.06884316646741001,-0.027617797358316237,9,128,23.677456441915055,0.08738573905507518,0
account_management,0.90300307330919,0,-0.01125348131418169,-0.22414140007994582,-0.36613038966375716,4,68,6.904426152290002,0.261393474295991,0
service_outage_status,0.8140722213651039,0,0.24962096145764065,-0.14016647767823065,-0.09693788629089084,11,162,12.550384385711434,0.11000487864124037,0
general_inquiry,0.5858767939155916,0,-0.37912387890880994,-0.13921636118623976,-0.7505992341978374,6,89,6.695617003687195,0.4135634873388325,0
general_inquiry,0.8692119331864585,0,-0.6567314034471173,-0.0657915708996292,-0.7917938249248921,9,154,15.983367842559625,0.2751535341543578,0
fraud_report,0.41430203540347943,0,-0.004551597742196822,-0.0199667135686426,-0.09959122354942232,2,27,37.83749052323348,0.19827094869215,0
cancel_service,0.7719338751145759,0,0.06982247552527474,0.02241336295348934,0.020095000643084726,9,124,5.184388689553098,0.16835824454063938,0
fraud_report,0.735420638999561,0,0.04082818297093978,-0.18705774385076035,-0.33923618626175434,10,165,3.157050714006627,0.3891561427455941,0
cancel_service,0.711470357106878,0,0.48770522494888635,-0.12890731451494575,0.16740567009582327,5,73,6.267759533678383,0.2740142499779863,0
billing_inquiry,0.8141480100638021,0,0.119231921929133,0.1379812051390555,0.119231921929133,8,120,8.993000467557298,0.16168837470205277,0
cancel_service,0.6434066523023243,0,0.04708973103111234,-0.15973762934029642,-0.30028179428176155,12,204,11.917966988045743,0.3936843304979796,0
billing_inquiry,0.5330868785037531,0,0.16335605618888815,-0.06684366935600651,0.008144450473398124,12,174,35.65535733630244,0.19358154651480333,1
general_inquiry,0.7087878220109197,0,-0.05128763886256177,-0.21402431537770292,-0.7102739262917888,6,83,22.585359741916676,0.45260863085199776,1
cancel_service,0.8274818473472768,0,-0.25398547042723296,0.09759759949686397,-0.25398547042723296,14,212,26.664238453147295,0.39861607171685126,0
sales_inquiry,0.43247351087645675,0,-0.6513381804820142,0.17299095893616098,-0.6513381804820142,6,78,7.505611752646037,0.35038064726310075,0
service_outage_status,0.9201587950451452,0,0.4315340050304509,0.07863970608761649,0.4315340050304509,8,103,19.723462491626115,0.17164136270861274,0
cancel_service,0.9775814140301994,0,0.87197386621295,-0.1910250516902936,0.3298860642477391,10,146,10.126212186391374,0.37295008327599977,1
sales_inquiry,0.7961550041158876,0,-0.3452918133225443,0.004583162302744279,-0.3808633159142562,12,184,6.067848707045376,0.2814616926717136,0
account_management,0.6700261692629251,0,0.31489423137021666,0.26454733540519715,0.31489423137021666,10,155,3.0303183510973586,0.16045806998337012,0
general_inquiry,0.7207580585531014,0,-0.06469372020532205,-0.2420834641672939,-0.4609204611095333,12,172,8.284863493277669,0.3038146965205997,0
service_outage_status,0.6432820964158578,0,-0.18443289308393587,0.046732529172789625,-0.18443289308393587,6,81,3.260305978272531,0.18727624045796298,0
fraud_report,0.803845277585731,0,0.5315586239550499,0.006787503409816667,0.5042310334252504,10,148,17.044983511461048,0.2123979803681349,0
technical_support,0.8148302796057166,0,0.863138685602358,0.12043564602394612,0.863138685602358,5,66,1.3053481032949243,0.03896263352323784,0
cancel_service,0.8772258421659167,0,0.10808049285236336,-0.13086835880600223,-0.10659635235325095,3,43,0.05972605369244575,0.19975201162354528,0
cancel_service,0.7306849801433327,0,-0.18702713269923363,-0.060223426150760775,-0.37813207234299084,8,116,7.863947655240081,0.24733885278062429,0
fraud_report,0.4445650358300297,0,-0.617961507518202,0.23105833001399143,-0.617961507518202,7,105,0.044743323214280074,0.24209521232425868,0
technical_support,0.8710311716641003,0,-0.408051896928428,-0.08842479654956932,-0.6125010023170392,5,78,22.8407687207553,0.29062572056557445,0
technical_support,0.8191060495092827,0,0.01060106601578062,-0.2844837922294628,-0.9383769888313581,6,95,2.4558092814666885,0.3291395064862087,1
billing_inquiry,0.9509602372519472,0,-0.05703121514883597,0.06421150779234214,-0.05703121514883597,11,163,26.656632984073983,0.1856688517988394,0
account_management,0.7027899256654241,0,-0.18806444108303808,-0.3669075612202802,-0.6971426880136041,5,94,13.20391741570359,0.39088745358308263,0
sales_inquiry,0.5447004984831187,0,-0.33219853075287975,0.03098406053822837,-0.33219853075287975,8,126,26.991022573558737,0.28019765841372385,0
general_inquiry,0.2913216418185732,1,-0.14282101410323436,0.05581202674149502,-0.14282101410323436,8,122,5.2264610664910665,0.2743745108347798,1
billing_inquiry,0.684103106181351,0,-0.14645542503911382,-0.10380430997678773,-0.3490355199434345,5,78,8.393350390681618,0.2511817399212378,0
service_outage_status,0.6024457571252574,0,0.20169150208284714,0.03828813907544196,0.20169150208284714,7,99,4.781169600798559,0.1099014633799883,0
general_inquiry,0.6529098519593332,0,-0.09854757056908861,-0.0139359391431791,-0.24559640102231567,7,107,4.215606701504886,0.15922366575833263,0
cancel_service,0.9702411328338046,0,-0.07724188107492974,-0.04582180393539778,-0.16547853904236687,7,113,12.322310384326913,0.14672133947500438,1
cancel_service,0.7054951112085209,0,0.3444114321188818,0.19509565562846062,0.3444114321188818,5,82,25.964341658221535,0.29202725317993716,0
sales_inquiry,0.8477251932327227,0,0.04558956165797541,0.16849191963524185,0.04558956165797541,2,31,16.685779858113847,0.10446954432389018,0
sales_inquiry,0.382228273485564,0,0.004561896388836445,0.21369791465657,0.004561896388836445,13,193,20.327099284877747,0.19875139905795763,1
billing_inquiry,0.6922780416070018,0,-0.32228193755256374,0.027183193156207295,-0.32228193755256374,3,41,12.879561824757504,0.1915064871710871,0
account_management,0.6032586938189846,0,0.6564071345139916,0.06058438051893007,0.6534099970854522,5,71,35.91102846513449,0.18616938998877827,0
technical_support,0.6048197781197826,0,-0.2851613587377303,0.07582066250389605,-0.2851613587377303,10,130,23.791252743663144,0.23666885850454103,0
fraud_report,0.515664446347777,0,-0.49763712113323066,0.13648914339138835,-0.49763712113323066,8,125,4.5528722449696515,0.2526433665907034,0
service_outage_status,0.7572678990154152,0,0.07524512580185634,0.27279891934217865,0.07524512580185634,10,138,0.09158954382201695,0.20502939847112645,0
technical_support,0.7831606290725337,0,0.038446219534806605,0.09136977632897558,0.038446219534806605,12,152,3.2444441222707385,0.1971528721916113,0
account_management,0.8500761360700207,0,-0.016474051930848693,-0.5596446075048221,-1.0,10,156,22.141054400711184,0.538330368033321,1
technical_support,0.8181205644864776,0,-0.360834902885828,0.13914662621624033,-0.360834902885828,10,152,6.3767501506061395,0.17386544187239275,1
fraud_report,0.9298550968429107,0,0.2275141531489075,-0.02494629539281492,0.15182896422783376,7,94,39.786253541017224,0.23622926461972898,0
billing_inquiry,0.9154596059097406,0,0.046512660946746234,-0.029417368345167956,-0.0310998844771107,10,127,28.465101672965847,0.17389478728284974,0
account_management,0.6189383564576997,0,0.2858320702320277,-0.13114555927542587,-0.05507072833209262,5,74,0.4380043823152149,0.1571169517081681,0
billing_inquiry,0.781929816663146,0,0.026130608259908802,-0.11009800883475897,-0.2543537138979889,10,150,9.922623375287891,0.2411580405915312,1
billing_inquiry,0.6179609235484532,0,1.0,-0.019273556627874784,0.88436753505228,10,115,13.821876871865278,0.1809741530077728,0
general_inquiry,0.635079544790221,0,0.3758013245499855,0.13796276529023047,0.3758013245499855,9,124,0.7169365153711801,0.1648088587673712,0
fraud_report,0.6914126046260364,0,0.7270959656094007,-0.09822746601708117,0.4131828853452672,6,104,15.08661472843588,0.29633890366295196,1
sales_inquiry,0.5127416575627685,0,0.2507462405884019,-0.02158120251759045,0.1640142278639261,10,160,1.8013877904335642,0.12534749512043333,1
cancel_service,0.7566334294934812,0,-0.24653325628692044,-0.1456753725563745,-0.5792371810497623,9,111,1.3699933442121415,0.36028966922796707,0
general_inquiry,0.7539725563977382,0,-0.3392725344251002,-0.08682665796628831,-0.6325633284181585,4,63,4.670900318530386,0.2355479433418122,0
cancel_service,0.6722524315168609,0,0.11035467070351611,0.06146176615204685,0.11035467070351611,10,154,20.384468790465128,0.16654156896613975,0
sales_inquiry,0.6171652736109395,0,-0.06362730225248539,0.21769349574326977,-0.06362730225248539,5,68,1.011047696203279,0.15194966299687776,0
billing_inquiry,0.5754243400130608,0,0.7402761986735783,0.17537207731693538,0.7402761986735783,12,188,0.1614610076367951,0.14172435731839372,0
cancel_service,0.5588600552189532,0,-0.2673461040127597,-0.005700057624394472,-0.3244148248385644,5,93,3.0050337834760747,0.21378245175739116,0
sales_inquiry,0.75044206389212,0,0.5232890756437163,0.06056879607661962,0.5232890756437163,13,179,0.6372663443398732,0.20907673322686962,0
service_outage_status,0.8662835221649026,0,-0.03635763893213223,0.1279341307330228,-0.03635763893213223,10,120,19.006551416094496,0.17625508960696695,0
account_management,0.5528099498785933,0,-0.6705311578559011,-0.19907852853669722,-1.0,5,77,6.087578296833369,0.29568650817863934,0
service_outage_status,0.8073047462719524,0,0.28174619346572916,-0.12180541320741403,0.09693698634478629,5,62,5.902862438824744,0.1936762028184892,0
sales_inquiry,0.8713885816186657,0,0.45404514954348885,0.26917188270296927,0.45404514954348885,9,138,0.228012749297745,0.14160464175791185,0
fraud_report,0.38835704338659244,0,-0.06692406632817802,-0.15959955782401353,-0.4623803579841077,10,134,14.96775331957058,0.4448722684006855,0
general_inquiry,0.5064046135849861,0,-0.31954507996975867,0.01829173518380148,-0.31954507996975867,5,58,20.253576160817314,0.14865517979144965,0
fraud_report,0.8756777194655398,0,-0.49940083588165596,-0.06442379793078075,-0.7445147431092796,6,113,38.34716025137544,0.37808918992548485,0
billing_inquiry,0.8542160772310479,0,-0.4092818104058027,0.029982662223605887,-0.4295132891006769,8,127,1.7809914281658514,0.20319100939570856,0
sales_inquiry,0.7531184444259662,0,-0.1868482633194747,0.07925527694968182,-0.1868482633194747,7,100,7.792854793678603,0.1340806493907627,0
sales_inquiry,0.8458850722485493,0,0.47726889881451295,0.05569015997733323,0.47726889881451295,7,85,1.478600197106135,0.07082532351305494,0
billing_inquiry,0.6273347678741837,0,-0.21636545072502447,-0.08918507606982105,-0.4456118479618777,9,147,4.059665175353495,0.3487744980062246,0
fraud_report,0.7344358855045219,0,-0.05742322503471162,0.14228625281681953,-0.05742322503471162,4,77,11.792385208524966,0.1962214639077696,0
general_inquiry,0.7362698631529622,0,-0.3187199495104096,0.06716322096535471,-0.3187199495104096,5,59,1.7482091323550943,0.17239911421243898,1
billing_inquiry,0.8936468937950663,0,-1.0,0.20900381556239397,-1.0,4,55,25.501900062650776,0.24677797331902168,0
general_inquiry,0.711195799805474,0,0.48938602139150156,-0.11653201496687658,0.17377518935845762,7,96,1.3118621935889863,0.11330501035618669,0
service_outage_status,0.8698798141362207,0,0.05985097211753018,0.09798278061162631,0.05985097211753018,13,199,12.315138535271176,0.2573545863807898,1
general_inquiry,0.6618713446051144,0,-0.04192807819547523,0.12854644797690296,-0.04192807819547523,10,164,14.615828444736307,0.22495846934034808,0
service_outage_status,0.8796081131818699,0,-0.01224660577478684,-0.0341423422174298,-0.09975593517974099,5,65,7.674792542538631,0.11744545624454675,0
fraud_report,0.6089305460524028,0,0.25544363931702274,-0.19714507850240692,-0.3313286974520563,7,100,2.6025693573930693,0.30803700383238275,1
general_inquiry,0.7417567597792397,0,0.7705793899016723,0.1835989798777284,0.7705793899016723,10,145,2.0047978021484067,0.16110780724585064,0
cancel_service,0.8618847518587553,0,0.732677224524052,0.012395253700072908,0.6959708319224985,14,196,7.3707194760882695,0.14424349652173674,0
billing_inquiry,0.6570135488993872,0,0.32760292569858396,-0.16832571597153922,-0.22499367612834148,8,116,7.058891349360236,0.32366013330911836,1
fraud_report,0.8298493535199839,0,-0.04823871894001036,-0.27278762424081504,-0.6834749542750661,9,128,1.1873497176216306,0.39969348785166203,0
fraud_report,0.7707358085816045,0,-0.011744053585973968,0.02548823037053052,-0.011744053585973968,9,119,0.7090300300660242,0.27024708761826033,0
sales_inquiry,0.9278872271506796,0,0.07503627191862593,-0.07612485855618079,-0.1783451849000457,5,81,13.74709499797719,0.21718661489078533,0
technical_support,0.9147579897911036,0,0.038344724881775684,0.03962493398908998,0.038344724881775684,2,23,0.1360076912250519,0.13611085537010734,0
fraud_report,0.629585192156877,0,0.7424523251949003,-0.2336629257600503,0.35154060236845774,6,88,0.010730030964560761,0.25295685414125413,0
service_outage_status,0.2112091721033262,1,-0.06513961838913451,0.2049931368949664,-0.06513961838913451,7,121,9.165840383695015,0.20550103372765333,1
account_management,0.3933250296136962,0,-0.680238544651362,-0.058481835171004554,-0.8327259510929721,15,234,95.40024590524158,0.43240042132801765,0
fraud_report,0.9318836918745582,0,-0.230922746521846,-0.09534775447803992,-0.4418258130103849,15,223,23.860493011176985,0.32387009393668237,0
cancel_service,0.7187119775405602,0,-0.5010878416398601,-0.06884115560220204,-0.6775885859841916,7,110,8.222612070067722,0.2577057458621234,0
general_inquiry,0.6587422584450376,0,-0.7520741525450944,-0.2690567253355978,-1.0,10,155,8.322140275140054,0.4538103401629195,1
fraud_report,0.8934733813443837,0,0.3615136104537717,0.29481842665221397,0.3615136104537717,13,196,8.566321463128828,0.17209349054869238,0
technical_support,0.7015237558187415,0,0.1870458307941849,-0.028148567015158825,0.09856757486141032,9,164,4.855796814252465,0.05027885428731081,0
service_outage_status,0.867348309761781,0,-0.4736595519168185,0.0031499038686038164,-0.5047950636765139,9,149,13.204478665181329,0.29939667147450255,0
general_inquiry,0.8347154829023374,0,0.3941165377003998,0.1418478807009346,0.3941165377003998,11,178,7.96381194841109,0.21380863492548846,1
technical_support,0.6957593257697406,0,0.170114562079441,0.06339482637891,0.170114562079441,10,163,14.878226962821055,0.19439178055114928,0
technical_support,0.7323400347571286,0,-0.0316789818551412,-0.12840535645194248,-0.39818336817870825,7,129,2.5007138989168705,0.3426992223120944,1
cancel_service,0.8339588824007304,0,-0.17680148025148776,-0.10467672430457417,-0.30921096043469604,9,130,25.795879300126614,0.3239613121645338,1
account_management,0.68001801229647,0,0.02512533421445945,-0.17463513094838562,-0.24133966464527232,9,146,9.724358681375517,0.28598614179952675,0
fraud_report,0.7852402956668255,0,-0.5319363581975277,0.054997519829762434,-0.5319363581975277,5,71,9.176497775766446,0.31047536116036334,0
cancel_service,0.7491352377089896,0,0.870994539532856,0.01564452711201381,0.870994539532856,9,125,20.28249144573378,0.2417425830377445,1
fraud_report,0.5292569090940201,0,0.015339671930160878,0.10690979698631718,0.015339671930160878,5,73,25.870487659504313,0.2827507217925597,0
general_inquiry,0.96413056958752,0,-0.23346502074091532,-0.21698316905931203,-0.7084079192750994,4,52,18.804355439175257,0.31933855370354197,0
fraud_report,0.6581683490466745,0,-0.4036033886011654,-0.20530189423632367,-0.8825128463872155,9,116,2.625590349608131,0.40344288886514346,0
billing_inquiry,0.9398022808085328,0,-0.12379211681068877,-0.07872126469599235,-0.3875259694770919,9,154,30.94185652566864,0.3071331527204358,1
general_inquiry,0.74469557382778,0,-0.1183519406576283,0.04862541343136571,-0.1183519406576283,8,124,42.53668156851453,0.19737643194508334,0
billing_inquiry,0.8636693346088347,0,-0.04508868262232904,-0.15128483031503032,-0.4138587678982539,5,86,4.496967537125303,0.2353572122783055,0
sales_inquiry,0.8132016541740216,0,0.7748730055192694,0.036130184641602045,0.7718231885069067,8,112,9.082439554741653,0.22398122296450995,0
general_inquiry,0.8056639570795724,0,-0.04436583411082734,-0.08960917197323993,-0.31326513165644754,11,165,38.022518793879016,0.2892711475745532,1
fraud_report,0.32180013366879817,1,-0.36697904828684214,-0.027158667913708467,-0.42466762071318004,11,156,5.057638128266094,0.42361124006377293,1
account_management,0.6905016269009988,0,0.2722892408148494,-0.10937159315449387,-0.08696764658213675,3,38,13.906000453188438,0.21897793765700374,1
billing_inquiry,0.5401468936148879,0,-0.19107490083881015,0.2504654007575962,-0.19107490083881015,10,163,62.416753700252976,0.2828691971944689,0
service_outage_status,0.837502044544799,0,0.6024325323796702,0.0592191805864673,0.5695255011608374,6,90,17.887948139247275,0.13368637736657193,0
fraud_report,0.8241266569041162,0,-0.6871272933680894,0.22088115762173013,-0.6871272933680894,10,175,6.1490479919299,0.33500105045441136,0
fraud_report,0.6187425162975302,0,1.0,0.09832529989748914,1.0,6,103,9.010829515698955,0.2163679985077227,1
billing_inquiry,0.5663906860209331,0,0.36514734386753356,0.01934838665694834,0.36514734386753356,11,186,10.727670098405483,0.0711252033026446,0
technical_support,0.7475839881504284,0,0.1646625984508075,0.27151414706858645,0.1646625984508075,5,74,19.682002271090383,0.1241989921478505,0
account_management,0.6275575918167936,0,0.12616771395092094,-0.1806479472374897,-0.29770076946202184,7,107,23.700394717715493,0.2459630084321297,1
account_management,0.897670200311775,0,-0.19623918366740759,-0.2531905213538724,-0.8055139420222275,9,108,1.0983621955393612,0.40343527638677285,1
cancel_service,0.6799311261470761,0,0.38926142951588505,-0.046561631443232394,0.30961347270857165,4,60,7.356859155563243,0.20651394563608907,0
fraud_report,0.7843603463955625,0,-0.24731111432138805,-0.018186533386008955,-0.2792759914451033,8,126,11.633788975282386,0.19232423633563783,0
service_outage_status,0.9816211282686793,0,-0.07561678553179674,-0.06688541258908165,-0.204575594151294,5,88,6.363956720243551,0.3279446446643809,0
cancel_service,0.6799528928521662,0,0.33978858801481004,-0.09437146101452151,0.13714100770161805,10,145,16.581407257883704,0.23753756768146825,0
service_outage_status,0.8236697394790601,0,0.13653608043508392,0.07024665180431361,0.13653608043508392,10,175,28.111691053135587,0.17097187989119178,1
general_inquiry,0.6226071098161483,0,-0.511709663506062,-0.1491503836339664,-0.8752582122825155,11,141,0.480516370768868,0.33957386771280934,1
technical_support,0.9072000617058736,0,-0.13582783666307782,-0.41355413074068686,-1.0,7,132,3.5092143522736476,0.42863641189575613,0
cancel_service,0.7573368878137748,0,0.45676645605756927,0.04950177469396766,0.4223967627523757,10,145,15.738504995972225,0.2563343667114497,0
fraud_report,0.647384283078893,0,0.48357738000169914,-0.1431641419570892,0.023381663291589666,8,91,10.036345955527988,0.19506091028328842,0
general_inquiry,0.8838780285686701,0,0.44184097094544506,0.06885456756915735,0.44184097094544506,7,104,30.67953006584577,0.10922376970260937,0
fraud_report,0.544410308170887,0,0.2680872963448826,-0.38928613485597224,-0.5882227638780361,10,147,8.464987102332993,0.42896325297123633,0
cancel_service,0.7197046746902999,0,0.3467701173058292,-0.12070162753272001,-0.011748664122175817,11,175,1.585876392294545,0.22884768495407426,0
account_management,0.470030082115823,0,0.5093340831764742,-0.08514113250300645,0.324909433592329,10,135,5.050783381035965,0.2114445929244449,1
service_outage_status,0.7753250169423902,0,-0.00867201049390505,-0.01606435854561107,-0.06076768768835032,8,87,50.874628147888245,0.2888550032473137,1
general_inquiry,0.736015564672082,0,0.023012500400133515,0.03292450701791118,0.015672707350371323,9,143,9.698818215809412,0.14369238690557462,0
fraud_report,0.9559746483988383,0,-1.0,-0.03373603110548943,-1.0,10,128,65.27497464408712,0.47912174886941217,1
account_management,0.5724758639310017,0,0.5641139555384284,-0.07891991521815331,0.2642691486744344,10,133,13.410920229786015,0.12272589323603976,0
sales_inquiry,0.9043984157908848,0,0.2309490137471222,-0.23225602793387248,-0.31690583127543875,9,138,24.239392060887894,0.29623603741481386,0
fraud_report,0.6253288759115566,0,0.5735872029392048,-0.03719866080481858,0.4971463007397992,11,174,34.388127878047975,0.32140125250439333,1
technical_support,0.8883972104827941,0,0.33700931425314606,-0.1378030262958089,0.08499862420276452,9,128,1.4237052845078915,0.233622068164281,0
sales_inquiry,0.5358619529508881,0,-0.7664889671640088,-0.19274147820975837,-1.0,7,102,0.3951813868211349,0.3800025653391355,0
cancel_service,0.7945225658996425,0,0.03334765395575656,-0.11897464138867671,-0.23440112502935018,5,73,5.820575095151486,0.2824375762287873,0
service_outage_status,0.9559138128457915,0,0.4939304748923037,0.1502767301941676,0.4939304748923037,7,121,3.4838875373765257,0.049414245231148485,0
account_management,0.900466312840325,0,0.4259584154388115,-0.048074768550243986,0.29829055663082993,9,133,16.210780427043034,0.1671862204509882,0
account_management,0.5855031602074967,0,-0.05973624527501464,-0.017364058007117402,-0.11028038358981852,2,43,14.129933768180718,0.22867530713071993,0
account_management,0.5521396541888718,0,0.32388038758191345,0.0815047360760569,0.32388038758191345,4,59,1.687681298301942,0.1684033774689179,0
general_inquiry,0.876827997589016,0,0.41533746136087346,0.01553659452750875,0.41533746136087346,6,89,0.5448680237628182,0.1283034556393694,0
billing_inquiry,0.4394702797921279,0,0.7261870539009025,-0.07978686296919647,0.5841329430803928,6,71,6.340402475055333,0.1450739807333456,0
cancel_service,0.9209343216093823,0,-0.590660637823273,0.15056919728285642,-0.590660637823273,9,130,0.9797101086148482,0.30235817321813385,0
account_management,0.7113098593482546,0,0.7167960979465392,-0.016274372835717626,0.642500455689568,10,154,20.904173136627293,0.2209775787784704,0
sales_inquiry,0.7363731355357442,0,0.14056881242266886,0.20231843564001728,0.14056881242266886,9,127,9.878796788636981,0.20115910187836056,1
billing_inquiry,0.7604924550122376,0,0.03824576423955799,0.14798268114372531,0.03824576423955799,5,74,3.377632157913205,0.1683417062521176,0
sales_inquiry,0.9040592391935904,0,0.551211762720074,-0.1225296048871024,0.25860613353912604,13,213,43.769737030413815,0.21473099869091272,0
cancel_service,0.8134665867564332,0,0.4659718651587048,-0.13755657008696884,0.13384901012127887,5,78,13.505765840242963,0.31200971548259343,0
cancel_service,0.5104389856030854,0,-0.004616672489196477,-0.1389910612417975,-0.4387039875545564,14,217,44.630737297503856,0.3993525168023854,0
service_outage_status,0.5915785884226135,0,0.8288585855033179,-0.007898017204956937,0.7346385112615682,7,87,4.2126264376539835,0.1666404798316253,0
fraud_report,0.4649737414016302,0,-0.18063948661061427,-0.056445206085717584,-0.4105038780739669,11,171,9.953127515409198,0.35088873529651177,1
service_outage_status,0.8633300719828457,0,0.8688372489545432,-0.023653732748048488,0.8068654002275577,9,126,34.37967044657428,0.16772203175604855,0
cancel_service,0.37837650257668975,0,0.08350145858553124,0.14751050031406843,0.08350145858553124,7,103,6.907761825149296,0.19595775213587338,0
service_outage_status,0.919098981466077,0,0.05839979244394936,0.1501581009331349,0.05839979244394936,11,170,0.8051644666599518,0.20045652985611329,1
general_inquiry,0.5622815454233674,0,0.29742942029818986,0.1459614149983098,0.29742942029818986,6,116,7.127749159641162,0.103596533333182,0
service_outage_status,0.588028542512199,0,0.04915303767120373,0.11453756594665322,0.04915303767120373,11,169,20.040238599845598,0.08847393385130556,0
billing_inquiry,0.6827811820869981,0,0.663916280059202,0.04492251401640174,0.663916280059202,5,70,13.535674568971483,0.19175183279893565,0
fraud_report,0.5529723047254129,0,0.5860898430645715,0.1294873039277991,0.5860898430645715,6,87,5.248604942192535,0.20726073255360636,0
account_management,0.6567991342942425,0,-0.2689811375773813,-0.039036997762369324,-0.5323592282309062,7,88,10.941325707371465,0.32155769925283245,0
sales_inquiry,0.4509091313768099,0,-0.09604183006261924,0.018884220468554352,-0.09604183006261924,12,201,0.5259521553888968,0.15031119240102891,0
cancel_service,0.7498860741210959,0,0.4968421835883631,-0.04010387000143083,0.36956309495383083,9,132,2.606717870378975,0.19424255364209828,0
cancel_service,0.9359563574227152,0,0.08737717793005532,-0.0027769397002293007,0.007362838209772418,6,90,19.003031697021573,0.2654235962859708,0
cancel_service,0.6310676482174074,0,0.39727003679776696,0.13285982236212915,0.39727003679776696,10,155,3.004824859771113,0.2176355116908803,0
fraud_report,0.9163350674525629,0,-0.010312217722982256,0.11916256609045793,-0.010312217722982256,9,139,44.13915411954903,0.21267870281744436,0
cancel_service,0.6907348334021386,0,-0.2885951523581263,-0.014021250216482149,-0.388940458085967,12,185,49.27898129255392,0.42562450291060167,1
account_management,0.6598134325765652,0,0.10949035926576653,-0.09419877625611847,-0.13988003536509458,8,110,14.956460462814968,0.3032183809436742,0
fraud_report,0.9296251269734257,0,-0.24934335824802586,0.013840350834971083,-0.2783772288938188,8,114,14.00316437468682,0.15534099038216115,0
service_outage_status,0.8959251730267176,0,-0.3532563569039553,0.3196844306085874,-0.3532563569039553,11,178,5.512408357348469,0.3049359010512632,0
general_inquiry,0.2739934543614847,1,0.1079634559042646,0.16776137457075918,0.1079634559042646,14,200,6.657015782185732,0.29196948394084576,0
service_outage_status,0.4491355086851225,0,0.1578043205509827,-0.062270183621548694,-0.08513666279722283,9,148,12.443920941119051,0.27915408311195555,1
technical_support,0.795151587982976,0,-0.17018824591391282,0.014278326380193721,-0.21537236194947054,6,99,2.9009895082620916,0.17890425603684929,0
cancel_service,0.37549784253842255,0,0.2507009953077354,0.18843351260115043,0.2507009953077354,5,71,16.968845478486582,0.12871750898134926,0
service_outage_status,0.6568963067169207,0,0.24599252003100325,-0.2467465294196395,-0.3943172063356556,6,96,1.1079811817677871,0.31459797952063007,0
general_inquiry,0.6286977479462805,0,0.3849397693617095,0.03561575451909492,0.3801216076612386,9,141,33.9310745410358,0.1990514565973566,0
cancel_service,0.37562166820919496,0,0.5371639864986819,-0.09945159896316641,0.33541379154670814,10,160,16.967602439619903,0.2802606270324797,1
sales_inquiry,0.8681917134231202,0,-0.27490206526751826,0.06577317244950119,-0.3000580316704017,6,111,17.260807597232677,0.19838610680003177,0
sales_inquiry,0.6002295228387342,0,-0.012208076819620703,-0.0011001902322224574,-0.1047136102473933,4,75,15.212950953182437,0.13116219192596135,0
account_management,0.7521989714951894,0,-0.6369920227326589,0.07420610277314672,-0.6369920227326589,10,122,4.286396321485038,0.3023942401853546,0
sales_inquiry,0.5855390287943036,0,0.183004650105531,-0.19161867469772684,-0.3306777216218877,6,71,17.810490152368907,0.21173838068386558,1
cancel_service,0.8048712374996222,0,0.21262767548825726,0.0641780428863618,0.19341391690326973,3,53,6.291599196823533,0.2069332115230218,0
technical_support,0.7345851531474248,0,0.3938343953559348,0.0633515722541488,0.3938343953559348,10,148,0.4149232811654588,0.163471144365493,0
cancel_service,0.9166825988269887,0,-0.5187572219480016,-0.2919912274728138,-1.0,15,204,5.9548114690595,0.4286671472462166,0
fraud_report,0.8312303656637571,0,-0.2572103246360994,0.15118363643008859,-0.2572103246360994,4,58,0.8695079997220484,0.23727948568677848,0
sales_inquiry,0.6542080325634436,0,0.27463343341062485,-0.19574051597462644,-0.35926132413631606,7,125,22.11770526487701,0.3677461293819472,1
service_outage_status,0.77099172303687,0,-0.21498906375567386,0.03592084540090676,-0.21498906375567386,5,70,3.2378468012186516,0.1146982504086109,0
billing_inquiry,0.753294953059853,0,0.34566266598948614,-0.23530019782526532,-0.41636633303611403,3,41,13.375645958166078,0.22468118267149667,0
sales_inquiry,0.8498496140716018,0,0.5438577793323861,0.021537214805271553,0.5438577793323861,8,136,4.691204482993387,0.12473074673854395,0
fraud_report,0.8489828735473652,0,0.2217711564878596,-0.2069712414350566,-0.1291271515397148,13,167,1.470442417504416,0.3553869007789516,0
fraud_report,0.9281475482097924,0,-0.020214879862540308,-0.4121444155709077,-0.7947255972909695,9,118,0.20696981317426466,0.5058336817648497,0
cancel_service,0.7485106766102694,0,0.3168765732187815,-0.1600471918168076,0.020833247132590292,10,178,19.69983081287811,0.3823987995367613,0
general_inquiry,0.859609118604651,0,0.6842356306696346,0.019821634432025687,0.610297522269403,9,137,7.446170869531629,0.15252113979112245,0
billing_inquiry,0.5096995689911398,0,-0.1567848114537884,0.1794753504635814,-0.1567848114537884,14,225,48.09245236290846,0.282853515800924,0
account_management,0.6922312241198327,0,0.24332048981398025,0.21597669858979365,0.24332048981398025,4,60,19.244857856466016,0.21280468666242192,0
fraud_report,0.8386299392803097,0,-0.3220022728524946,0.0403320065466959,-0.3220022728524946,11,167,12.36042558187115,0.2621987667651055,0
sales_inquiry,0.7902262930768097,0,0.4646514759379744,-0.0598239733375079,0.25644248213419335,7,108,22.82080812053855,0.23092606694054213,0
account_management,0.8581233649362854,0,-0.16545362186161874,-0.27717060652110426,-0.956626497273824,5,74,2.2502947713153247,0.40234490880079543,0
cancel_service,0.7380777303463735,0,0.4046793043740887,0.12812621380879632,0.4046793043740887,9,105,2.200871253350096,0.12157229928599322,0
general_inquiry,0.8971354502663879,0,-0.16092600690594797,0.18828289478373136,-0.16092600690594797,8,119,7.95205383945008,0.20685487952517595,0
technical_support,0.8597566291292053,0,-0.1579835501555674,-0.09494256380571235,-0.3730765254320654,7,107,6.12737593679541,0.25058507169547545,1
fraud_report,0.7594842591032992,0,-0.28285171757621574,0.2706132302166999,-0.28285171757621574,7,99,1.96644052100308,0.30031861189213166,0
cancel_service,0.7772663386171391,0,-0.023516092464408445,-0.11969295067775887,-0.182220788677881,9,129,16.616794864346144,0.2809035379791764,0
fraud_report,0.7013421224543446,0,0.42496475757091523,0.0488174254135378,0.42496475757091523,13,211,24.782578308323625,0.2293887155245688,1
service_outage_status,0.24228336381508575,1,-0.4341163922973855,-0.028145404876427874,-0.5899710153595118,4,58,1.4861452035547056,0.3119997752568729,0
sales_inquiry,0.9319685891891133,0,0.017857254794248573,-0.25050937659211175,-0.5682922881185286,6,92,42.087552465210834,0.3881461744911717,0
fraud_report,0.9020433294668319,0,0.20070472624105615,0.12071510336927886,0.20070472624105615,5,84,14.529353429399533,0.2088084598996855,1
general_inquiry,0.554879900600854,0,0.31502265226550774,-0.38426588915182874,-0.5438042029330781,6,69,28.56457261031092,0.42788614076327125,1
sales_inquiry,0.5052605345648381,0,0.01744440930694499,0.047775034482755,0.014065555649108136,5,86,20.24995064487298,0.20714564571467295,0
account_management,0.8347066350954675,0,0.04770408075202052,-0.03526974465861617,-0.08132415921409766,4,55,2.049546127279339,0.20087338769633928,0
service_outage_status,0.874089230827236,0,-0.6181864044854601,-0.18469804935590242,-1.0,5,84,0.38888301523072566,0.34961744010550627,1
cancel_service,0.6193051582391814,0,-0.07421816290928646,0.1517152515287169,-0.07421816290928646,10,135,22.681221033124533,0.2601070803118513,1
technical_support,0.6635652033754721,0,0.3043572454723661,-0.008432336724559845,0.21091834737840343,10,123,43.85799235067953,0.23993578311286745,0
general_inquiry,0.6580659767961355,0,0.8923056468603664,-0.02422800230324986,0.7726610165671077,12,172,4.231523059149016,0.23240778075722635,0
service_outage_status,0.6533476856422854,0,0.01728170971038198,-0.1024977422011747,-0.2964788023379938,4,38,26.397455430172073,0.2788850199407482,1
cancel_service,0.7510699060667784,0,-0.22189343962631045,-0.09996699314446801,-0.41068223095857725,8,105,15.76719039887455,0.31707687029654746,0
account_management,0.6732081740732536,0,0.05343068514691078,0.08842651604467026,0.05343068514691078,11,157,35.91287248394038,0.18916015350583587,0
technical_support,0.7492990579906323,0,-0.061466926620756784,0.10496766224506716,-0.061466926620756784,9,113,27.94153239681842,0.3073172978516217,0
account_management,0.9812250527264966,0,0.8781536061223982,0.1398754830879952,0.8781536061223982,11,162,3.6209483345322537,0.1494517252708908,1
fraud_report,0.5531381293335857,0,-0.05142609883419158,-0.10954238594653916,-0.2544621165107186,8,116,2.0491150334761357,0.26444870594629966,0
technical_support,0.8030879900131409,0,0.09353687183255564,0.1431751936757113,0.09353687183255564,8,116,2.408574610322096,0.16878285015962513,0
sales_inquiry,0.5832393902370077,0,0.222183113968359,0.058370158024899144,0.19004175733013617,9,139,5.878097566094821,0.1041900736390794,0
general_inquiry,0.8827152903204084,0,0.0015789165680996503,-0.012096162640927206,-0.03616694077593391,8,130,2.6060812082454174,0.23198985525905977,0
account_management,0.736689435296913,0,-0.13915628925582188,-0.28017214223433384,-0.7671024412981847,12,176,26.795537132408814,0.49391458872071936,1
general_inquiry,0.7107867699688681,0,-0.06905720830855908,0.06654917767602386,-0.06905720830855908,7,120,12.85318751696256,0.23332355951471812,0
cancel_service,0.8801818308438115,0,0.012779229048324153,-0.1321493084328346,-0.2175155187348805,10,150,16.294131523408996,0.23436366962575245,0
general_inquiry,0.8750871880861197,0,0.5182502698980784,0.02863047352089035,0.5182502698980784,3,43,0.1483682731812445,0.13673305015560747,0
cancel_service,0.6302075663079796,0,0.08831443950671407,-0.33263888740111225,-0.4782083829051128,12,191,3.7361944465087205,0.4252011998092056,0
account_management,0.8318823486064484,0,-0.37555847052520674,-0.3550164133342168,-1.0,10,160,21.407703927110447,0.47377844133989183,0
sales_inquiry,0.7004305474148624,0,-0.6921457337740231,-0.03910113314057247,-0.763658795437681,8,132,53.0674787070124,0.3262293411639498,0
fraud_report,0.6495879613829036,0,-0.3243956314791334,-0.25575748225159495,-1.0,11,171,4.486257347485663,0.4352541184073889,1
general_inquiry,0.7393353063229096,0,0.5396601504759722,0.1846628442689054,0.5396601504759722,8,108,14.158308399517601,0.1464969289569861,1
service_outage_status,0.7922161365047649,0,-0.19205463107494816,-0.03552722417521013,-0.29558659160179057,7,118,2.7035019317649653,0.24254047522584918,0
billing_inquiry,0.6937005966355001,0,0.44768440808261034,-0.11540937530059205,0.22217278568984766,12,208,9.812878830723287,0.09702207425493037,0
fraud_report,0.5433851836321206,0,0.9034551444965156,-0.09875502828112026,0.671742723786939,8,86,15.129699299606136,0.31930881742817535,0
general_inquiry,0.40557339731982023,0,-0.08480010769719701,-0.043649785784024224,-0.2505686055318459,7,99,26.777856225345282,0.29110200594912006,1
billing_inquiry,0.49189896724232335,0,0.4358262742354162,-0.07728334644059304,0.2838679410146134,10,181,55.133276394819646,0.2473536004584605,0
fraud_report,0.8046942047188812,0,0.42743364619717794,-0.08141799322322985,0.25471314548409885,6,90,7.47937693552576,0.1389475311420721,0
fraud_report,0.32210932816869997,1,0.5106108867389739,-0.059010801044134906,0.3081041826890421,8,98,0.29830163935724363,0.3307304785350056,1
account_management,0.8156863727887581,0,0.8330420041513728,-0.13837004523743313,0.43081979310097795,7,111,14.103513729980392,0.17748971551977996,0
cancel_service,0.6754332323390851,0,0.052632781817216784,-0.3305883399296435,-0.9167339799675376,6,85,14.694514200275515,0.34979878137023734,1
technical_support,0.6453925457208063,0,0.1564774049869479,-0.1988978677424281,-0.3072768102620071,8,130,0.9134133939976922,0.23126908456686818,0
account_management,0.5119012952118944,0,0.8764418756899865,-0.0046643487718010905,0.781326958575684,6,78,4.3190702218301915,0.14400215684142176,1
service_outage_status,0.9480948741630799,0,0.37630695264890657,-0.19099554955435685,-0.22895997496432338,10,113,43.94410434026902,0.3315520864747732,0
cancel_service,0.4717360905366108,0,0.31351382025111363,0.03588574713863159,0.31351382025111363,9,120,6.12933687715506,0.2439835017830328,0
cancel_service,0.7241528851125935,0,-0.47468118060600495,-0.07671349547593581,-0.6401380673739535,7,93,18.301975969125973,0.3350795941880916,0
technical_support,0.8102636177726702,0,0.8476183448771856,0.038249631147172766,0.8476183448771856,6,91,6.550798380328681,0.10748936514746002,0
sales_inquiry,0.8088671418841924,0,-0.2834986156879742,0.23355185530187403,-0.2834986156879742,11,179,17.770646142840672,0.19403281251212282,1
billing_inquiry,0.8270555272048347,0,0.5027182496159733,-0.07276419233958305,0.364608505905049,17,271,17.6796216386778,0.3031156793160652,0
technical_support,0.6282427459986264,0,0.5561513509595699,-0.1014635364913384,0.1300480164317428,6,81,1.5232596608712135,0.17281598666489703,0
general_inquiry,0.697493713198623,0,0.3547283888537297,-0.1470354011620543,0.11062950318881487,9,129,23.92886368533213,0.22701386261379672,0
service_outage_status,0.8079956386463297,0,-0.6794617617885303,-0.06867888908350485,-0.9249064711248853,5,68,4.38832081187694,0.2877434025376981,1
technical_support,0.6395097249651419,0,-0.21078846674946697,0.002893955693929369,-0.24009882010668432,5,84,2.963158372391631,0.13630986492059388,0
billing_inquiry,0.6879401969488517,0,-0.09860904962076789,0.3001891823000045,-0.09860904962076789,11,169,10.719860661774987,0.14822021913440403,0
account_management,0.9265980293818693,0,0.25068819090810734,0.012960572207790979,0.1709593581394539,9,117,2.1743551634301665,0.13788770317662646,0
cancel_service,0.20779421228904443,1,0.10624947189305187,-0.07586747083335034,-0.037530892465970155,8,122,17.909709779931795,0.45655783042247516,0
sales_inquiry,0.7040316761945965,0,0.04783078729950602,-0.08537692963137439,-0.06873808573240975,9,137,19.233135936156224,0.2837068833727705,0
service_outage_status,0.5308238867441109,0,0.503400891583352,-0.08740076931535397,0.341905211894444,11,143,12.089473425409091,0.2729575119673739,0
fraud_report,0.730574556050647,0,1.0,-0.1008191146968612,0.6065077625019442,7,108,12.375562648518088,0.1968225629252647,0
fraud_report,0.8205784268282067,0,0.08608697801885978,0.19206658537673305,0.08608697801885978,7,102,2.0412038201207157,0.17413448664918346,0
fraud_report,0.8848501660286547,0,0.19206323625430277,0.33204583306546676,0.19206323625430277,9,124,4.706733670119419,0.13937555842024985,1
general_inquiry,0.6656021811863784,0,-0.21229466142593326,-0.009416001642477,-0.2833462679637099,12,165,3.6175602919330103,0.1917557482563019,0
billing_inquiry,0.9659296266945762,0,0.12557420460969881,0.11508629536027494,0.12557420460969881,11,173,0.2844864841576195,0.07726549693586882,0
service_outage_status,0.8945435731162781,0,-0.2145163955558176,-0.048460654749789965,-0.2987908457921427,10,143,2.2727970352258544,0.1981776018467466,1
cancel_service,0.5805585023999905,0,0.07331958587149183,-0.08061552233839146,-0.20338307328781757,12,167,1.3258715251481983,0.24499730216202398,0
billing_inquiry,0.7065940635395906,0,0.1699718022526644,0.007376205463713131,0.15415634323135533,10,135,14.03707075104874,0.1768621724726252,0
account_management,0.8005440696065897,0,-0.018479379528898193,-0.3027347231072143,-0.5391986819580041,6,96,3.2143997348588966,0.36733592564748807,1
fraud_report,0.617645601703409,0,0.3066845367963652,0.031432511302472835,0.3066845367963652,13,208,14.821299093218869,0.21268537997779446,0
technical_support,0.7983769726682479,0,-0.151464172254776,0.08000732213977338,-0.151464172254776,7,118,20.554301143449127,0.24604967588659657,0
technical_support,0.704045342923923,0,-0.2450151610219922,-0.056771610332310624,-0.37590260481420035,7,84,6.658801211235407,0.20396503781433528,0
service_outage_status,0.919353759873098,0,-0.16696579701093436,-0.023552983665314442,-0.20883484598627794,10,153,4.8508813369342425,0.23316947585749104,0
technical_support,0.7870733468317789,0,0.4877016526682397,-0.3203623191257571,0.024174073773638213,8,127,1.4339910887547145,0.2563782487528211,1
technical_support,0.7146315738363744,0,0.5148609442894534,0.014811153411084344,0.5148609442894534,9,147,7.380596023236003,0.07938700107654188,1
technical_support,0.7571741672599284,0,0.3466423299469124,-0.1729365230407919,0.0015835668035702188,11,185,5.082208907567069,0.21502123369497633,0
sales_inquiry,0.8847506588898801,0,0.28785210602528377,-0.030241366224315766,0.18707659287555237,12,186,30.66746947235785,0.23007815891374822,1
fraud_report,0.8135370502097108,0,0.13342316645313915,0.29991488219038187,0.13342316645313915,8,106,12.657660026848964,0.1818831334180909,0
cancel_service,0.6680821647604326,0,0.16147097412289313,-0.05600645694581245,0.05874327660676887,6,108,12.67058291251979,0.2989991215423211,0
sales_inquiry,0.9068622924493649,0,0.5165838763855902,-0.005198257921495393,0.4732629263191019,6,76,17.95325620984672,0.21327568035948827,1
technical_support,0.8655149653727399,0,-0.41325830919777573,-0.04095464762596345,-0.5246638228449944,8,131,3.1929103631306086,0.22652295606266598,0
general_inquiry,0.6813107438401218,0,-0.19865376962873807,-0.4948251686193643,-1.0,7,111,7.038612571465106,0.5141915105387843,0
billing_inquiry,0.7322767464085908,0,0.02849849632594574,-0.036811686583678685,-0.09141040962151734,5,59,7.798455346592535,0.08646071035271813,0
fraud_report,0.7300044753715225,0,0.029053893682967957,-0.20047852511966527,-0.6568735303538429,10,164,4.120483463727021,0.4062877472128753,1
account_management,0.8047879147387053,0,-0.07662397573719976,0.15072731437463438,-0.07662397573719976,4,58,7.803524279511056,0.04467004574072965,0
fraud_report,0.6269099711383755,0,-0.038867076439884435,0.12134210778730746,-0.038867076439884435,8,111,45.759564554215366,0.3212085497543551,0
fraud_report,0.8587519398275605,0,0.31981982568423906,-0.051431186374228,0.20535931732413923,11,195,24.154951296088214,0.2655818152367634,0
service_outage_status,0.7259680205858017,0,0.5649912164644384,-0.240489849378494,-0.11975781394868544,4,64,4.6756497428896715,0.16449588957120023,0
technical_support,0.8640347552614605,0,0.09095809811056882,0.024552808265982353,0.05168601925644256,6,102,1.5922712948772073,0.11179051824808343,0
service_outage_status,0.5078302057323447,0,0.3967314146621054,-0.025574390474653888,0.242038826429879,6,114,7.0306610340057,0.13409180747885713,0
technical_support,0.6425079483905569,0,0.13221284868708752,-0.010296301840853091,-0.032960317308613124,7,90,2.0050243298568775,0.21715942919334366,0
cancel_service,0.5388759288115971,0,0.17088037051834756,0.0830460073556898,0.17088037051834756,7,107,15.295646835014503,0.14555609645659445,0
billing_inquiry,0.8356968594908492,0,0.08627586483761399,-0.0314717651214626,0.01725858174787999,11,174,14.178965498908354,0.22343938131124258,1
fraud_report,0.6355995260122272,0,-0.04438828461659289,0.1501711637864623,-0.04438828461659289,8,128,6.603252963274604,0.18525281654167375,0
account_management,0.8053284972883245,0,0.17875972646355837,-0.21549883706145848,-0.3571141146289916,7,100,11.19581982330112,0.2677143194911633,0
sales_inquiry,0.7531205878537727,0,-0.570294313036619,-0.3320156750477261,-1.0,8,118,22.912698872964572,0.5087507990460706,1
sales_inquiry,0.9026071063052058,0,0.5280342712469834,0.007828535570168833,0.4682998217604057,10,154,1.8441973779231446,0.13190731825938476,0
service_outage_status,0.7230711965885458,0,0.02151211278324873,-0.17578860995316575,-0.5747395300222757,10,109,42.2477473429022,0.39835178217083556,0
technical_support,0.9127437465603153,0,-0.46842403470898564,-0.10467453759695128,-0.8872793401242183,7,108,5.478335061174784,0.36217450598920103,0
technical_support,0.6337694498443296,0,0.4690170829389827,-0.020509636147326493,0.31370056269545554,3,45,9.711726570319621,0.20320023598842954,0
billing_inquiry,0.5387469155643857,0,-0.14162735308367355,-0.04097125509133778,-0.20747551094316719,9,123,23.554406580943407,0.3074662350990859,0
cancel_service,0.765258121365561,0,0.6960703240711934,-0.07754390789977596,0.3840065350542558,11,188,3.3734022369730523,0.31816742816692206,0
billing_inquiry,0.8430532567252449,0,0.2528438008982743,0.07978732109760533,0.2528438008982743,12,192,11.308665914916089,0.15265562112057496,0
general_inquiry,0.6844794118174117,0,-0.5341069524815253,0.16491747362858686,-0.5341069524815253,10,130,1.622907937239684,0.29895335757492164,0
technical_support,0.8330105713640522,0,-0.26654530903524576,0.043413101726883535,-0.26654530903524576,9,135,2.7005836532598826,0.19113850293862722,0
billing_inquiry,0.7068475657155217,0,0.07525056118719702,0.33125238518155947,0.07525056118719702,9,156,9.386058981342742,0.18810928572105523,0
service_outage_status,0.793147459544561,0,-0.22708496152566984,0.005310877584731023,-0.3015547351102249,9,153,1.129447850085169,0.19525125800840423,0
sales_inquiry,0.7668452462206214,0,0.21462139527017904,-0.053768175174891214,0.018542877405838987,10,128,21.280219386077658,0.31455693830432413,1
account_management,0.4990465617113439,0,-0.19596696165369656,0.017151466820107587,-0.19596696165369656,5,84,0.382942369154415,0.16927307882275444,0
sales_inquiry,0.8317040671072656,0,0.9292903831779178,0.14410454224360442,0.9292903831779178,3,35,11.141071634469046,0.22889820034447209,0
general_inquiry,0.4716219873823249,0,1.0,0.011514859348344429,0.964790897775164,9,115,16.064578146676226,0.21373498934681434,0
technical_support,0.455399862520386,0,-0.41616587813184913,0.0998598699628463,-0.41616587813184913,8,106,32.74010112951246,0.24940426552816994,0
general_inquiry,0.5608684450096043,0,0.768052158658432,0.03251373111685833,0.7516861178924628,8,107,37.26388727751878,0.261462584539289,1
sales_inquiry,0.8872867324483246,0,-0.2310292443763798,-0.010223978621739105,-0.2963745527669594,7,99,28.87338310425995,0.2354149508112744,1
general_inquiry,0.8001425299966675,0,-0.09170620357111078,-0.03858190319231311,-0.22761031623197198,7,128,31.79945470783632,0.23177583147552266,1
service_outage_status,0.707470943826498,0,0.5097724935829586,0.03218936584475826,0.5097724935829586,18,261,20.277051840459666,0.26287713286672443,0
technical_support,0.8522060151915043,0,0.07633439580872836,-0.2788140443477694,-0.6945246950201663,9,127,19.177144153395815,0.3502736532475966,0
billing_inquiry,0.42796083085339354,0,0.17288440363367175,-0.20198775452285003,-0.29621076349080405,9,159,15.138605413691357,0.35275571910558823,0
sales_inquiry,0.8195492005430641,0,0.09645555405022073,0.10456549994026301,0.05941385706019148,5,99,6.487762954165039,0.12242838539423517,0
fraud_report,0.47529187314064136,0,0.13995167427358343,0.10097038252506212,0.13995167427358343,7,116,0.20883910051511756,0.24342455245199457,0
billing_inquiry,0.8753596419321588,0,0.6251857987868263,0.10679429764924757,0.6251857987868263,7,116,13.412698011107745,0.07466322830378888,0
sales_inquiry,0.553491369942765,0,-0.04114880451112163,0.3113458158768845,-0.04114880451112163,9,133,3.5658814983800355,0.21166600885386383,0
fraud_report,0.7680521669905116,0,0.6750122927125287,0.17491851402840086,0.6750122927125287,5,54,24.823238956190764,0.25615373907534356,0
sales_inquiry,0.7080892269296696,0,0.7400870548701447,-0.05103704135905908,0.5866299652407482,9,133,0.7069089247301819,0.20168320827608693,0
technical_support,0.772378715717176,0,0.26377392632763874,-0.35224883130741286,-0.4228072303265331,5,73,2.6186822863238652,0.3283017937019725,0
billing_inquiry,0.7103008986290821,0,0.11249743854011106,0.0403099880051338,0.11249743854011106,7,93,1.2253466438235652,0.13243308370307283,0
technical_support,0.39644351894534313,0,-0.4723943214792986,-0.04051743430917032,-0.5921395720803648,4,57,11.079175058532131,0.17580959161263363,0
account_management,0.6837196575491529,0,0.030597854135092264,-0.32844399028691035,-1.0,3,62,13.249294146531167,0.41345546574561215,0
general_inquiry,0.4702572022643604,0,0.032135493766754133,0.2032891630808516,0.032135493766754133,13,183,10.049987562577,0.20598315462102484,0
account_management,0.708063739371196,0,-0.08776243363096226,-0.01100235071125079,-0.16947228514494722,9,135,8.402456710020388,0.25843831949932367,0
service_outage_status,0.9519354826030041,0,-0.1560557541638624,-0.17132751307293792,-0.6190401843071528,12,185,9.424077825766703,0.44122612026544517,1
service_outage_status,0.6737805019954419,0,-0.791077492726295,-0.05424544151916147,-0.983842814363078,5,67,3.0461772272826217,0.28284973263783353,1
cancel_service,0.8706608790090117,0,-0.08752872109881957,0.09229034001037714,-0.08752872109881957,8,131,12.59031053410619,0.25887003617692866,1
account_management,0.6634686193238138,0,-0.2229646072226412,-0.21379649036097176,-0.5617005080772807,17,254,30.664588581830795,0.45201397000023646,0
technical_support,0.5626216819041984,0,-0.10484237162986149,-0.18505394957732516,-0.7556197047125546,11,167,4.676620488724281,0.3616733634581557,0
cancel_service,0.7614526086750084,0,0.43303212649292366,-0.18369235969509387,-0.008377432435995202,6,70,10.946346264213606,0.09393598122149968,0
cancel_service,0.6443702215718858,0,-0.2620267958859609,-0.02141528257819852,-0.3325140835468528,9,145,12.146324125380291,0.3262765780513732,0
technical_support,0.6966789634439248,0,0.8823214878736011,0.07994208616862786,0.8823214878736011,9,139,19.260727156530365,0.16604808144043734,0
technical_support,0.5291269305003747,0,0.19319526022599282,-0.1684298007291698,-0.3035411291159168,6,90,10.244351604256643,0.2649071832156127,0
fraud_report,0.7338369742696669,0,0.06892124440786732,0.05518714573084399,0.06892124440786732,7,96,2.4772068170192383,0.15929724083153932,0
service_outage_status,0.9070335734747301,0,1.0,-0.05022101501268059,0.8216957718993527,4,78,2.433673168156928,0.1328727051516036,0
technical_support,0.5774758374946427,0,-0.1563784010194447,0.0021699325641626292,-0.17464221891169804,8,101,12.321431225025911,0.09271340258757982,0
fraud_report,0.6579745916138896,0,0.30636848437254255,-0.038595334983829735,0.23969338627794434,3,48,1.2059232212806865,0.2196687006087459,0
account_management,0.8050609921290508,0,0.35232359840063754,0.02530719533399735,0.32670904710053983,4,38,8.734533298338588,0.0993144075889795,0
fraud_report,0.794041899470633,0,-0.0967362753986227,-0.10058197957889534,-0.29049105932544694,4,60,5.247550655374104,0.26493842296153364,1
technical_support,0.6728954878062051,0,0.2583868301978086,0.06467889942990987,0.2583868301978086,9,136,0.15406046816790056,0.08831718652018469,0
sales_inquiry,0.8603711878302517,0,0.5731776779412319,0.013774381004918578,0.5552474136495366,9,140,1.9768232792062386,0.19104113441442036,1
service_outage_status,0.34680567554375796,1,0.3981661374876475,0.024524734153964087,0.3878520672015988,6,82,0.5425010874719922,0.21233941216721836,0
fraud_report,0.8280837506070138,0,0.5372166291487023,-0.03654353279036819,0.4486938302643839,16,215,15.157932170626605,0.2007695346108749,0
sales_inquiry,0.5101310591789997,0,0.8411413054040598,-0.11188711330316839,0.6089373714527362,6,80,12.305650490272352,0.2365043408578129,1
cancel_service,0.6944226432625876,0,-0.02707192981149234,-0.27664974952035526,-0.44115853489683826,13,217,11.492342639443468,0.3332826879896446,1
fraud_report,0.8148960879371933,0,0.2324272267058895,-0.16466342630114456,-0.21158609618606278,8,122,28.684535414934484,0.3720874222329224,1
account_management,0.631435968027262,0,-0.19354985949829764,-0.00817460419418351,-0.241364876541116,4,50,1.14012410697259,0.13424976238622127,0
technical_support,0.9522500387193571,0,0.3173021947222683,0.008064534511417937,0.2881474693687582,10,154,1.2974096517869023,0.10621238099182623,1
technical_support,0.5009934124351505,0,-0.05048623955109394,-0.02452113718342347,-0.12904768603666245,8,113,17.623724140989253,0.284961865890757,1
cancel_service,0.6423915469451817,0,0.04662705778569312,0.35695562016371246,0.04662705778569312,12,159,13.748765840271194,0.19987310128187188,0
fraud_report,0.5472136848892327,0,0.4942095677092221,-0.09829761562530197,0.3417363431099324,5,76,18.94314899004354,0.18539878389590117,0
fraud_report,0.6443325245055332,0,-0.31554590829259654,-0.028152366168071104,-0.41671641305130447,5,95,6.825940832630248,0.20710670685191201,0
sales_inquiry,0.7139705589990017,0,-0.681551340711218,0.24763226724582368,-0.681551340711218,7,120,5.466899527962836,0.27303014153401023,1
sales_inquiry,0.3830380669061823,0,0.37983617679187764,-0.22919599805887145,-0.13540145025486988,7,112,0.5986988722053378,0.18459278858380562,0
cancel_service,0.4555814492064089,0,0.5322743881240726,-0.03573146717067116,0.3555580884912466,8,122,3.509052232809406,0.12938080734479057,0
technical_support,0.7215768018065246,0,-0.39939030770043094,-0.32011940312593473,-1.0,12,175,38.63644572301174,0.4148055902209686,1
technical_support,0.6629570672630166,0,0.006206389453293021,0.23016032936442624,0.006206389453293021,11,169,42.996788579391556,0.23069279025121445,0
fraud_report,0.8270104205690393,0,0.17520172351251576,-0.2427996933892239,-0.3521542635437185,8,138,9.228980521076702,0.3174247594484573,1
account_management,0.6933508280547349,0,0.34701463273007316,-0.07510200858199917,0.20485166830054302,7,117,1.5858755090590264,0.18731696217162272,0
fraud_report,0.9625618631704019,0,-0.0012624958454043461,-0.04009890521008952,-0.08847394894018525,3,41,7.185803909446676,0.16817779818963088,0
billing_inquiry,0.7309645191828367,0,0.31358025373547016,-0.061526865928045196,0.13808368288121262,4,45,4.111248799754432,0.1429427007708622,0
fraud_report,0.7817606242823036,0,-0.20040670616380837,-0.2586391789581881,-0.7560962715340844,9,145,24.114172876768677,0.41609849251540365,1
account_management,0.9180976045900278,0,-0.22764621307655006,-0.020717862293515778,-0.34308260049986733,11,185,21.855314676263177,0.2671352701716345,0
service_outage_status,0.8818465316883078,0,-0.3531573337808639,0.08701022530361195,-0.43342687924740114,6,108,1.6201249244206606,0.1861009248247157,0
billing_inquiry,0.9229317060711762,0,-0.24798584453585024,0.11854892198223284,-0.24798584453585024,2,33,1.135159216181999,0.2332147036959159,0
general_inquiry,0.5396781503078488,0,-0.27258634796214776,0.082772843998919,-0.27258634796214776,7,95,2.7164702413410997,0.24107157651748037,0
fraud_report,0.8260268920697243,0,-0.2528581501247199,0.17181973675818654,-0.2528581501247199,5,64,8.320439677304238,0.1884461568061216,0
sales_inquiry,0.42005582456227597,0,-0.005245988339092317,0.09123947944573192,-0.005245988339092317,8,129,20.330478908588653,0.19475568725729947,0
fraud_report,0.9020968362689656,0,-0.1261430582066371,-0.23758320550114836,-0.7154547207553521,12,187,36.07642794433882,0.4094297885615612,0
service_outage_status,0.5063037751161547,0,0.02644577276050135,0.044059882710784926,0.02644577276050135,9,133,13.77141068891806,0.16046686591111256,0
general_inquiry,0.758394207200534,0,-0.5078103422703251,-0.11292061250675586,-0.9192175793944966,8,106,4.566358516205011,0.31462451930855734,1
cancel_service,0.7476315476241198,0,0.6711894334117725,-0.09962265516119381,0.4457500290976303,10,137,42.34211718127534,0.32955386656062013,1
account_management,0.6488962222362086,0,-0.16677068940347192,-0.17832229391123783,-0.541873095059088,7,110,12.026232522066694,0.2841169084732703,1
cancel_service,0.763403619355854,0,-0.677871474199086,-0.09724861961030831,-0.8906171931673579,3,60,0.7245887289805419,0.3582773394678806,1
cancel_service,0.8004272421720099,0,0.8075601421673151,-0.01960140042947319,0.6850845363971189,14,262,1.8073542365628599,0.23399644755729973,0
technical_support,0.7369038672822364,0,-0.4031618454614636,-0.29091024752933053,-0.8331821974530004,12,183,7.621011524711573,0.4505946471371752,0
service_outage_status,0.6369569983444856,0,-0.23268253221452248,-0.06971466375919463,-0.3745651570561222,5,72,2.4393229152375344,0.09598910770824652,0
billing_inquiry,0.7239320467543487,0,-0.23682437072752424,0.16857621166275089,-0.23682437072752424,9,152,0.3389643075028781,0.21307890854710462,0
billing_inquiry,0.6785484174176071,0,-0.04119568172916821,-0.13778569390422027,-0.26620288088345345,14,206,14.491250577535785,0.3186638383349984,1
sales_inquiry,0.7711933158173707,0,0.3604711028556037,-0.13733084783731123,0.15126066118699805,9,112,6.562424705313651,0.2169580985913543,0
sales_inquiry,0.7089260556946932,0,-0.3000273624087876,-0.26779554865642,-0.9236816163110437,8,116,31.09225825459471,0.48677468318307127,0
account_management,0.44763668046449523,0,0.49354438216414165,-0.16889370083856053,-0.05104052293160813,9,140,5.346392545491939,0.3360274298599991,0
billing_inquiry,0.7259554110782294,0,0.4285012225943524,-0.1499774999249959,0.16400994802213095,6,91,16.21919473385812,0.2720418626531927,0
billing_inquiry,0.6689293428608309,0,0.029393476804488894,-0.025587793441466174,-0.05598432876236127,5,66,2.581264063821519,0.1653475223633897,0
sales_inquiry,0.43837737417282935,0,-0.41355347906917084,0.3042083215040183,-0.41355347906917084,8,113,27.189810825790243,0.276776841888143,1
service_outage_status,0.7628666362818665,0,-0.285929723515739,-0.025464190067263973,-0.38534026388439646,4,55,30.255954651332463,0.26041106098165634,0
sales_inquiry,0.5451049890574846,0,-0.20889759759316853,-0.032787081741594934,-0.3779968741784057,13,184,9.579266033949246,0.11337744752504242,0
sales_inquiry,0.8796496381863176,0,-0.18058483329188976,-0.21897879567866,-0.7542845042053331,9,128,7.050752159675659,0.45880295865457416,0
cancel_service,0.5151167843505063,0,0.14112585264484034,0.15981530137901162,0.14112585264484034,12,185,10.780027879029507,0.2529052960265614,1
cancel_service,0.6520513427674316,0,-0.26959223604481597,-0.046642354023529536,-0.40127942298714236,7,82,4.280845193988198,0.34131159218917223,0
general_inquiry,0.8535775956498951,0,0.31762696264976775,0.003113968837447939,0.2988292200705602,5,68,36.687729757117616,0.16668854571692912,0
sales_inquiry,0.763240512950586,0,0.2211185503380807,-0.011054514209393738,0.1892244147893567,4,64,0.34691799139278545,0.058487901965235345,0
fraud_report,0.8224476769545287,0,-0.12504917026868836,0.2528563120227775,-0.12504917026868836,8,102,6.957885413357044,0.2535605841570105,1
sales_inquiry,0.7142616970565974,0,0.3885021052424623,0.04436567162498868,0.3885021052424623,7,106,20.09576294766855,0.19180163349539506,0
service_outage_status,0.5300295940529584,0,-0.1814919921838046,-0.13213046149705948,-0.39482673325394474,6,75,27.189042357692188,0.28296070405598833,0
sales_inquiry,0.723105826289358,0,-0.15301554915071844,0.3280384192428066,-0.15301554915071844,5,70,1.7991747626705643,0.21184051368509213,1
sales_inquiry,0.4198095465555737,0,-0.22508198129270793,-0.15858464581552134,-0.5604544525996624,11,180,2.5310314589456793,0.27543878616365913,1
service_outage_status,0.8337198588264587,0,-0.0686834029178488,-0.02632727604795787,-0.2702394798201212,9,154,4.018660476377864,0.219939572161723,1
cancel_service,0.7955674376452256,0,-0.13701171844523505,-0.139890128233459,-0.4255877357659949,4,50,18.211873561615757,0.33509011189381915,0
fraud_report,0.7911759351731171,0,0.15924692908409685,-0.11055478690827425,-0.1395109607214884,5,91,8.619082868850187,0.19648193762107408,1
account_management,0.5502687210820679,0,0.5356917926681776,0.0021453183335217833,0.4717422466599983,9,100,5.067546956575674,0.12937923444751231,0
general_inquiry,0.8698690941587192,0,-0.10528105120769121,0.17713004253761308,-0.10528105120769121,11,177,9.195773387319608,0.19979976092503232,0
fraud_report,0.8387379715694796,0,0.5170825191465861,-0.02546849370659493,0.4447013887087557,7,99,2.378501380346014,0.145806856842519,0
billing_inquiry,0.7201378340935289,0,0.26787103828601844,0.2570548231416078,0.26787103828601844,8,96,0.47884089830645743,0.15808141348944613,1
cancel_service,0.619334114178953,0,0.361077174734186,0.10805627816143652,0.361077174734186,5,91,3.541682010665602,0.1993194578035971,0
general_inquiry,0.8544579652095833,0,-0.06383291605962235,0.05213530922789465,-0.06383291605962235,5,93,23.519901998741293,0.18888021793718704,0
sales_inquiry,0.3706578831251796,0,0.26967579697359817,-0.14861526925294252,-0.14253816387702745,4,55,11.440297464576831,0.25350190561271463,0
fraud_report,0.747074436966988,0,0.4197107704227405,0.17855118713975998,0.4197107704227405,10,171,0.17512340163510248,0.19908260528925095,0
sales_inquiry,0.7871614322323675,0,0.052964170142070555,-0.09687205208907168,-0.25148992092361827,6,80,1.3644991778220734,0.22105916393023892,1
fraud_report,0.45250385028119644,0,-0.15139805082576677,0.04988769826429433,-0.15139805082576677,5,79,16.315769712051452,0.20972743808400543,0
technical_support,0.8984904951561875,0,0.03722079996418112,-0.029617912957641594,-0.08325880277145545,5,66,6.702890434517468,0.13458471247371862,0
general_inquiry,0.8087592628871061,0,-0.27982782534388473,-0.07588930893308773,-0.4086002614617718,3,42,17.811253468109253,0.20043846088472805,0
fraud_report,0.639927257851198,0,-0.061430144470586534,-0.09531460293614478,-0.2761980166069915,12,191,10.788757137603216,0.28919159734794464,1
account_management,0.7986938835964814,0,0.22470456609705525,-0.12306127769205666,0.0025740377667339692,10,125,7.2515188062661045,0.1657958190861851,0
general_inquiry,0.6469702564783159,0,-0.40431599602934576,0.0917549476092421,-0.40431599602934576,5,68,9.520204315867852,0.2739375780069856,0
billing_inquiry,0.9351128337736726,0,0.020956881923546347,-0.06692148478378489,-0.2859479978735612,4,59,14.223433406132886,0.2406484405012305,0
billing_inquiry,0.7534480603894522,0,0.6296321718018196,0.08967778295340137,0.6296321718018196,6,76,5.5524521935986595,0.0707594434009038,0
service_outage_status,0.7958961638549719,0,0.08024348409451793,0.08738651554310001,0.08024348409451793,7,100,5.849169688411857,0.2216421573352231,0
account_management,0.8274406689737915,0,-0.20498580843625633,0.09219441177753071,-0.20498580843625633,8,118,0.15995595968855877,0.14341642752931674,0
fraud_report,0.9082410350560497,0,-0.17690650644035646,-0.013032663032330957,-0.3013336112636327,9,140,3.7398466208317602,0.2065855478869141,1
technical_support,0.7429243792290171,0,0.9692338764083495,0.01578800559997261,0.9692338764083495,11,170,7.348382645063348,0.19423067181956732,0
technical_support,0.5687049608618194,0,0.2711336001298351,0.06489008299059712,0.2711336001298351,12,178,4.452495407515987,0.20157405400402278,0
service_outage_status,0.8253965390450905,0,0.34040891515546035,0.026477558126816816,0.34040891515546035,8,127,35.83347810329835,0.18970128156384827,0
billing_inquiry,0.6662238046394232,0,-0.07747193896306462,0.042994684486223414,-0.07747193896306462,11,164,0.5886216972976251,0.12558250069181204,0
fraud_report,0.9272500046075449,0,0.28601355790943017,-0.10911154812486615,0.03099275218770653,4,58,4.68078709893603,0.2284429184697273,0
technical_support,0.45222914210797904,0,-0.16007171429607145,-0.1708641252262768,-0.47351504876736117,8,125,1.7590567562916757,0.2678187245208588,0
billing_inquiry,0.7258676565160328,0,0.9141607255553156,-0.31339495313611954,0.11310338344813814,8,115,9.253698791945547,0.370087713737569,0
fraud_report,0.5425220645267851,0,0.10973186147684547,-0.12492445085439036,-0.14891490092321166,10,121,42.667472780071996,0.40391067524547164,0
technical_support,0.7437985720897367,0,0.6763503359791572,0.04864825810310949,0.6763503359791572,7,87,18.573882957641295,0.1962216065075469,0
billing_inquiry,0.6498172984922372,0,-0.687776004610799,-0.03872683484021676,-0.8364923092501012,8,128,27.981504281819138,0.43544354742405394,1
account_management,0.7949858042701206,0,0.5119899113811818,0.28400176771915586,0.5119899113811818,7,101,24.671705997967837,0.17512881536617603,0
fraud_report,0.8128068122918916,0,-0.28544441427006373,-0.23531631327409483,-0.8888851691753534,7,102,2.3799023562029404,0.37536826388497185,0
technical_support,0.9389369861608933,0,-0.07385865232338398,0.1391884684848957,-0.07385865232338398,17,266,10.042932561340342,0.1689374067782438,0
billing_inquiry,0.8331807714572929,0,0.013374046091808381,0.17119844808475215,0.013374046091808381,5,63,18.8028892942756,0.18978040296286602,0
service_outage_status,0.31159178480713684,1,-0.19000890227264214,-0.01615657998825926,-0.3206698512744374,10,141,18.75240260659562,0.376804575763285,0
service_outage_status,0.7020270530430485,0,-0.1530497604431181,0.03202879779727097,-0.19088950973223787,9,117,2.5442294674723964,0.22070980465787782,0
billing_inquiry,0.6437007954841368,0,0.05306477421920176,-0.18298993650288525,-0.30190507652642073,8,128,6.867628263959436,0.2509045602809752,1
cancel_service,0.8775040128522398,0,0.40121841922319923,0.08213104742665954,0.40121841922319923,9,130,2.511038296767237,0.2992027724712807,0
general_inquiry,0.7904928602974988,0,-0.3239809795605967,-0.29646718901111047,-0.9860050215358328,8,112,5.998245779914564,0.383500019921695,1
cancel_service,0.6320503177408052,0,0.5783470709208561,0.057039966010386633,0.5783470709208561,4,60,2.693496318535609,0.15315206920865776,0
fraud_report,0.7162746394550406,0,0.4503842544122231,0.009396135925328442,0.3960530269706051,6,113,12.758999200021016,0.19216378242521384,0
sales_inquiry,0.8105901919910412,0,-0.020122125318868617,-0.0011303835490159356,-0.057839092859817275,13,165,9.485358002919492,0.15818944413775288,0
technical_support,0.5616541892753294,0,-0.6757558277265758,-0.026416052929570395,-0.8015239109978942,8,122,13.832922260909879,0.275538746824751,0
sales_inquiry,0.8741589549044758,0,0.5254943437661039,-0.020167381772599753,0.351145812029818,5,101,4.453010442068094,0.13595119313111595,1
account_management,0.5593719198414552,0,-0.2076529204546528,-0.07385741745744506,-0.3888503135703392,6,92,16.43553308371718,0.26645263295775284,0
cancel_service,0.46078226743377626,0,-0.5892580834601008,-0.10335094514298984,-0.8656695080689742,7,93,19.777782423688194,0.3789451347903691,1
billing_inquiry,0.7802237751588523,0,-0.12049883637246511,0.09448727933125753,-0.12049883637246511,12,200,2.222646910271772,0.14020846984117027,1
cancel_service,0.7717595469430583,0,0.3538778081791252,-0.0350039447142904,0.19000685556512828,6,90,3.8883784512920134,0.15880974236250575,1
fraud_report,0.6385134388131317,0,-0.3789870245198641,0.05742355950329024,-0.3789870245198641,8,115,1.5070087560319947,0.19494724563420884,0
general_inquiry,0.7870540808021094,0,-0.12527102804025012,0.02181208915459296,-0.12527102804025012,6,88,5.560186595802788,0.0756196249617611,0
account_management,0.46637775488898514,0,-0.1067715786377181,-0.29001967511924537,-0.6131119032339636,12,203,28.666199527259497,0.4075285167417355,1
technical_support,0.3941329067487426,0,0.11378037038385776,-0.11746594920133198,-0.13125741795362456,6,100,1.3521574581986204,0.16546345366881865,1
account_management,0.7637608325235862,0,-0.23243537002464162,-0.030931058861181304,-0.2819368732033419,10,147,4.284225029314493,0.1813794833563938,0
technical_support,0.9175399689882751,0,0.46722926136908793,0.07787436777096643,0.46722926136908793,7,95,0.6877562847761394,0.23492222444086203,0
billing_inquiry,0.6476669575538248,0,0.33757369411368177,0.2065571431628775,0.33757369411368177,8,152,4.6513514164931244,0.1747930363863885,0
general_inquiry,0.6676796102682917,0,-0.16002992984454736,-0.21382257857896378,-0.5556766450930037,11,176,2.533070540197466,0.28304774092102325,1
technical_support,0.7448545395246099,0,0.3509399084023801,-0.21078746430289896,-0.2362173455654452,9,128,12.99120861723267,0.28025669419305427,0
fraud_report,0.7589460120242989,0,0.126492868987023,-0.03625796797815465,-0.003853696036854967,7,120,0.17800362263233732,0.1280538513737788,1
fraud_report,0.23356744521341788,1,8.412968291483802e-05,-0.0979981676080823,-0.32526893571510923,11,151,1.1654416008138797,0.44333141512121915,1
billing_inquiry,0.8361736484231131,0,-0.10324490544923554,-0.5310921179804929,-1.0,4,57,5.809328721099595,0.44575858788549944,0
sales_inquiry,0.6638371256138759,0,-0.32390301139469957,0.06545226287470748,-0.32390301139469957,7,104,7.2971325821203115,0.3066459709262901,1
general_inquiry,0.6021510557736914,0,0.4730737630487578,-0.2511872657677943,-0.2818580016099027,11,166,7.942195391949416,0.33636544702282123,1
billing_inquiry,0.7973744752630596,0,-0.42902137949675234,-0.032022731597591544,-0.5821872601152481,5,97,26.001469343636373,0.24426412161611002,1
fraud_report,0.6405441738420031,0,-0.0012172641515057203,0.15750978866694265,-0.0012172641515057203,4,71,17.02749699180718,0.2675529121867106,1
sales_inquiry,0.8756342285265696,0,-0.2808610549891617,0.16812071644305332,-0.2808610549891617,5,71,38.650886383550535,0.26553410350905937,0
billing_inquiry,0.9798843345207937,0,-0.002748525914977387,0.13942567117889573,-0.002748525914977387,8,110,9.319839750695428,0.11421755528247594,1
fraud_report,0.4776929079542261,0,0.43700788428888737,-0.026411415776769104,0.3387532871160257,14,205,16.748993642409577,0.23407863086584454,0
general_inquiry,0.9865789855410235,0,-0.2919300106557282,-0.10486226588687647,-0.5672567118307574,4,37,3.1599986329981515,0.21707884365699032,0
sales_inquiry,0.8521473703648126,0,-0.4193092034158449,0.015223571946540507,-0.43555480306060296,10,131,1.7357687772012589,0.21763147839225833,1
cancel_service,0.4724240501248504,0,0.4666738861998072,-0.19733071713267192,-0.08845780763293865,4,60,5.24883937687159,0.240848839721676,1
account_management,0.6224958100364195,0,-0.22369132411603634,0.05097677276813464,-0.22369132411603634,10,169,21.945297664767892,0.1729595364770662,0
general_inquiry,0.8508603313023746,0,-0.2535949420501622,-0.09838366849751899,-0.37640546534505154,10,147,51.764619052500066,0.42366452934928756,0
cancel_service,0.6175063776237832,0,-0.14095624911446847,-0.010037529495035665,-0.23302300156812103,10,118,1.0014015163449537,0.2423321033129313,0
cancel_service,0.5924568224333798,0,-0.22505615050249064,0.03859224486261564,-0.22505615050249064,6,78,5.080757007428907,0.2542829822348719,0
cancel_service,0.9006506330634815,0,-0.5509119716652712,-0.23684368223760444,-1.0,7,103,52.704665066337945,0.491799962272273,0
sales_inquiry,0.7199327578579672,0,0.25784994709759157,-0.011212128711759304,0.1716159855456972,8,109,0.8294158883399141,0.10088471875695881,0
technical_support,0.9302974995659331,0,0.21545983537539345,0.05299756989364848,0.21545983537539345,5,85,4.724699757730731,0.1236259389982315,0
billing_inquiry,0.9551364598544594,0,0.40101668479920616,0.1322006883838393,0.40101668479920616,5,72,4.818000961713717,0.09718850637378701,0
technical_support,0.5411808038934444,0,-0.4493860342068734,0.24760257234976044,-0.4493860342068734,10,134,38.7634808417796,0.26430635599490165,0
technical_support,0.8094649740812779,0,0.2799778813954137,-0.13072740720560358,-0.09861592920858284,3,56,0.11556460203302393,0.27079608016317,0
technical_support,0.804396201853661,0,-0.048717020562792396,-0.2475421137710449,-0.4967974841675446,5,79,21.852783596633987,0.23289148645911822,0
billing_inquiry,0.8724663171602451,0,-0.03592167331804,-0.047061981682949464,-0.30965178468213417,12,189,29.73245109155476,0.16036939632441954,0
account_management,0.9437948299719674,0,0.5697816502099063,0.1839654316198877,0.5697816502099063,10,141,12.515227895770495,0.15245418588136944,0
general_inquiry,0.5553630783471256,0,-0.1560158896292583,0.013433602789793716,-0.23000383449916065,7,79,26.15047697003907,0.2091715040034688,0
account_management,0.666415927633488,0,-0.559358395457125,0.005004689046099926,-0.559358395457125,6,81,10.045271354952153,0.2684196325184326,0
account_management,0.7190305293559766,0,-0.13164267434722024,0.1438726866795255,-0.13164267434722024,11,160,14.074589342225103,0.15609658076995905,0
technical_support,0.9613673035068995,0,0.10796274508606551,0.011984025836534174,0.10796274508606551,9,113,25.490464814518727,0.16990489396854286,0
service_outage_status,0.6572928613838599,0,0.6970669261224214,0.02397896983656338,0.6970669261224214,4,66,8.939807692498327,0.02,0
service_outage_status,0.7098942882366944,0,0.07798598397867942,-0.04533444666301854,-0.08763252516383832,8,120,23.057217404158884,0.15260886120748585,0
fraud_report,0.920571315587355,0,-0.048756560333985455,-0.13911639336282264,-0.3288738741491048,9,150,13.049538363196945,0.405904903197654,1
service_outage_status,0.7050115163410857,0,-0.1964838916345704,0.09898932859715809,-0.24965812024696982,8,126,21.609155573563918,0.18333825894510689,0
billing_inquiry,0.7667013249022983,0,-0.23872078478797223,-0.17494482256764515,-0.5539792452687107,5,80,6.603652293474035,0.2740070648551437,0
sales_inquiry,0.6687656796412335,0,0.06083156484272717,-0.28474394641263334,-0.6628342745836423,6,74,5.7181378098600515,0.4125861877412851,0
general_inquiry,0.7426229517435275,0,-0.038674197468494875,0.15020143755014975,-0.038674197468494875,10,147,4.415889520022933,0.1318808180833735,1
billing_inquiry,0.7645640837856547,0,0.4407788737526426,0.07740471530993406,0.4407788737526426,10,182,10.33877233144939,0.15272349918787273,0
technical_support,0.6692396235396819,0,-0.11247641360341235,0.1113748109248255,-0.11247641360341235,8,108,8.100754689657341,0.1979007064228263,1
account_management,0.5899753309259899,0,0.6789514400490898,0.09257366948452021,0.6789514400490898,8,141,23.52748377897083,0.21892083417564245,0
general_inquiry,0.5022128416708608,0,-0.150107404833372,0.08619173560325138,-0.150107404833372,5,76,13.876493146026265,0.04019442554104066,0
technical_support,0.8494384295052316,0,0.12413310373512317,0.035499944677184814,0.12413310373512317,5,92,4.623788621045587,0.15629917151384415,1
fraud_report,0.863581105460607,0,-0.31590105997853624,-0.1425703391612723,-0.7246006458515533,7,93,13.470624435621623,0.38032080964190335,1
general_inquiry,0.8796482475795229,0,-0.06921604689440339,-0.06433719662513623,-0.27092763350773647,5,83,16.77729081772272,0.3242282166627896,0
general_inquiry,0.7746344807737487,0,0.19736175039374665,-0.11912894500210865,0.05183886909115331,9,133,2.6022293544041357,0.21248739533381156,0
fraud_report,0.7679999395159983,0,-0.15798249837631193,0.16912634198900955,-0.15798249837631193,7,105,4.6816111527613185,0.26910685743194285,0
cancel_service,0.813503340258411,0,0.7252869894336313,0.02396591797523576,0.7252869894336313,5,63,14.260594676243912,0.21398286923070553,0
general_inquiry,0.7565364413561555,0,-0.00783111916822847,-0.011928777186699994,-0.03786940224459401,13,201,61.90922027384998,0.24120885301706457,0
fraud_report,0.8558030778873154,0,0.09118068721639687,0.11948818503445953,0.09118068721639687,11,191,11.118800832990079,0.20773325856998653,0
general_inquiry,0.8595662325979314,0,0.139449327270594,-0.190973336715677,-0.29594416296865667,8,125,33.3598601154712,0.38320480737642393,1
service_outage_status,0.6585732263939464,0,0.3077988209972832,-0.30332697957972715,-0.6009499202227822,11,134,6.978566962423839,0.3871452533844048,1
general_inquiry,0.6454983998359963,0,0.6533184469101949,-0.14478712483981604,0.21581237606487708,4,54,3.993129127522571,0.06324549403402824,0
general_inquiry,0.7514485511878567,0,0.0865255955270374,-0.15127532293707174,-0.4439978389119235,12,173,9.69622262040354,0.3190075422728127,1
sales_inquiry,0.4097643521102396,0,-0.9606204658324852,0.2403018367415984,-0.9606204658324852,7,90,23.354243539425497,0.30456043151272266,0
cancel_service,0.6078995675849996,0,-0.15128314384643196,-0.09746862847353821,-0.40949484687714666,11,173,7.641599973244377,0.3084322743374859,0
service_outage_status,0.8319109500201004,0,-0.3385559713808115,0.07136569693219906,-0.3385559713808115,8,133,53.90960218921365,0.36724271694794064,0
technical_support,0.45751741111714883,0,0.9586934242650259,-0.12579807614843266,0.6846594974178419,9,133,11.537102470365257,0.2684089731609866,0
general_inquiry,0.9163910437007926,0,0.2897631761624835,-0.21283860588526868,-0.019531757333905816,8,114,20.07854758744967,0.2832784841145003,1
sales_inquiry,0.7001194850879404,0,0.00047649923506756786,-0.04627227258757749,-0.16193483170726974,5,81,16.314197173969333,0.24224570078547208,1
service_outage_status,0.7602584719175,0,0.16410607240757108,0.46667505900943707,0.16410607240757108,2,34,2.5726094431568916,0.07648790348097845,0
account_management,0.4618486675801703,0,0.5985606787151635,0.15165472205545075,0.5985606787151635,11,151,14.508459122610567,0.16901843838543465,1
billing_inquiry,0.7606244676108131,0,0.08870953091478176,-0.14658598609985057,-0.18542398812324454,9,112,6.765142542706336,0.1814116896263751,1
cancel_service,0.8740321610699852,0,-0.3692824382334753,0.22878040297044525,-0.3692824382334753,8,121,54.122181127181136,0.32896478845542776,0
general_inquiry,0.7794551943607521,0,-0.4109497281729467,0.011558717490720457,-0.49958820637191015,8,110,4.975973601891045,0.21365094815064709,1
general_inquiry,0.8433881975638307,0,0.1524024057416961,-0.05085534354068526,-0.09065259116835583,7,103,24.818800383702392,0.17835697878401918,0
account_management,0.6810428087342274,0,-0.15361724083943998,-0.1108606482459622,-0.31438245012831945,5,98,1.1523168803479271,0.06794650691178583,0
technical_support,0.6595868258586999,0,0.685209968100952,-0.21876518044258553,0.3040773967932482,9,142,11.573238695495633,0.2662068929060297,0
billing_inquiry,0.33946679527799345,1,-0.04173184199059371,-0.10335310306397702,-0.29689513349865104,9,150,18.254239201523145,0.3489843234279645,1
account_management,0.5453290366834732,0,0.5256512262371449,0.003490667764125051,0.48345648996485074,9,136,1.376925709070318,0.03737141629743085,0
sales_inquiry,0.5799072705761186,0,0.4997657732497034,0.13497337816304703,0.4997657732497034,2,18,14.689968503749991,0.1640247919301857,0
service_outage_status,0.7148947198229226,0,-0.11333108972865244,-0.1335790436145672,-0.4315648111165027,7,118,3.8976757515174505,0.1849178425040856,0
technical_support,0.7779915245086674,0,-0.08975056554969377,0.23455493056107354,-0.08975056554969377,10,165,7.768737427121693,0.24097164460980552,0
billing_inquiry,0.5800746727269256,0,-0.03964031827573958,-0.11077566270774522,-0.24331977519030357,10,145,19.42625573746166,0.33747797621647624,0
cancel_service,0.8367181824695782,0,0.08424058324068384,-0.04463470372239117,-0.08624037226613235,5,98,16.75308728261327,0.2528413204726515,0
technical_support,0.8318306260186313,0,-0.5660775235461976,-0.1540269480226839,-0.9173740645569919,10,148,4.7879561753639965,0.33802546960242874,0
technical_support,0.7076063511560063,0,0.21908147278562198,-0.029733003946671985,0.0901309453673194,7,87,0.46201457881265184,0.15839986837468162,1
account_management,0.6404425374539744,0,0.40695630379368075,0.1851778624534809,0.40695630379368075,6,76,18.143175278217836,0.15453630977204413,0
account_management,0.9081209347644357,0,0.6594852860060831,-0.20026114890294447,0.08323500184149261,15,200,37.92292271608639,0.33542946032089077,0
fraud_report,0.9215685115138423,0,1.0,-0.07106221507188791,0.8371564133452585,9,138,9.272566112934967,0.22005105779927678,1
technical_support,0.7977578670407944,0,0.11349919867890491,-0.20994926694299576,-0.354748204929132,7,80,10.326455685778509,0.302170642371761,0
fraud_report,0.6997147122302274,0,0.9403251322938327,-0.031931085769388155,0.8308457431932731,7,115,20.643039311883413,0.2933578237166195,0
account_management,0.6010368838453679,0,0.08586064925128448,0.10443299028684033,0.08586064925128448,9,124,1.464208156979141,0.02,0
billing_inquiry,0.4520374199440299,0,0.13080558047715973,0.055727873871129305,0.13080558047715973,11,159,8.884656000446597,0.17252682303620004,1
sales_inquiry,0.9313272161147095,0,-0.09411095033944125,-0.16552377771729604,-0.6142841659424356,11,169,9.334810779650724,0.30150274699775753,1
billing_inquiry,0.8408461929114717,0,0.034120738473331066,0.05313713297560965,-0.039402599549660966,7,132,0.13978531625138876,0.12711195756296298,0
technical_support,0.45315061912961574,0,-0.046528062825713146,0.24357268772782534,-0.046528062825713146,8,118,3.630919763091628,0.07364546011229947,0
service_outage_status,0.7225158815489499,0,-0.47529116039513153,-0.0865049802355373,-0.8238996980903437,5,79,7.635116875541121,0.36977695531793886,0
fraud_report,0.4598883708893059,0,-0.005085812906770681,-0.15746889631650265,-0.5892856185923858,5,75,2.557684237837379,0.38126196718746713,1
general_inquiry,0.5248732592553709,0,0.32442187659599153,0.27806421099839174,0.32442187659599153,4,50,17.235372546601635,0.14832014872983718,0
technical_support,0.5045187169553521,0,0.6386178219138552,-0.03841353029261999,0.5519051982356487,5,58,3.038227294033383,0.16398141426527005,0
cancel_service,0.7902656441159,0,-0.6245342432392913,0.23645292498064188,-0.6245342432392913,10,122,7.824325844221981,0.3093301000388946,1
technical_support,0.7013497076999871,0,0.28018390200748255,-0.2854620944269405,-0.5481798192646139,8,133,1.1498016740079047,0.35588901569517156,1
sales_inquiry,0.793909549606447,0,0.4436209721654263,-0.07687306524370491,0.25107532191338794,6,89,45.433381674634894,0.2659646445576601,1
fraud_report,0.6207855811831031,0,0.04628167597470604,-0.1000917690366339,-0.31673810416060344,4,52,14.267666706737538,0.30795734438677436,1
account_management,0.9087121527604232,0,0.1660899048992091,-0.35129395589306756,-0.627668332523744,12,173,15.121894027206796,0.4937990790585564,1
account_management,0.8132706610842456,0,0.15183390172149394,-0.0770331081627258,-0.03606980165606394,14,207,14.734488001825854,0.21727874107273137,0
billing_inquiry,0.6523621516678362,0,-0.35843339554207654,-0.08984806923802292,-0.6211573894144484,5,69,4.7739191477882965,0.2939749182714069,0
account_management,0.40180604030469913,0,-0.2071229513050372,-0.09044080769168733,-0.3438448702690282,5,66,3.4286258393015316,0.3272145932836369,0
technical_support,0.5572050887117721,0,0.4090491891715681,-0.10468643850509272,0.035532449796465526,10,155,9.271104085490911,0.11733537881169295,0
fraud_report,0.8455183133252326,0,-0.7610670094272792,0.12525316360175717,-0.7610670094272792,6,99,18.787821124464575,0.37281455636782196,1
technical_support,0.818104078080797,0,0.08318072635777954,0.03270692918316251,0.08318072635777954,8,100,9.614046827967531,0.13553923583339098,0
general_inquiry,0.7707526465289932,0,-0.17380796647265032,0.2511987699118575,-0.17380796647265032,5,74,11.332384888868987,0.19873661366930656,0
fraud_report,0.8171832272318122,0,0.07327039094138528,-0.22865888676638865,-0.24174604322645032,6,98,7.57263114558107,0.3140636924678725,0
service_outage_status,0.8286960134234961,0,0.05682614785719134,-0.12461374952836975,-0.2085903633873824,8,114,2.9588102725623373,0.13911069505471302,1
service_outage_status,0.7913050494650307,0,-0.03573115600728205,-0.04692396236275219,-0.18465202214202525,5,58,26.295066433909508,0.26296931421666836,0
billing_inquiry,0.8179109742633435,0,0.31659689831921023,-0.13858962866881144,-0.09672418818284148,9,109,53.67331842980147,0.363437725830161,0
service_outage_status,0.9811911533247953,0,1.0,0.044229305562682855,1.0,6,101,9.454070346158193,0.11810006500103254,0
account_management,0.9645212245354401,0,0.5813974288377618,0.023240392607884203,0.5813974288377618,10,151,12.910877962949746,0.18675830868997673,1
service_outage_status,0.7499887233168552,0,0.5729740287738937,-0.07290583229174466,0.36937668230725784,10,122,6.313023285538302,0.19362928729869197,0
sales_inquiry,0.6938611279308147,0,0.44124544588882875,-0.11831108060909877,0.13784386424960215,9,123,36.098436839106334,0.24758788438536966,0
fraud_report,0.3580674096237309,0,0.05740401175023913,-0.18549421635478971,-0.4181490165717168,11,176,15.814757917291798,0.41451066893136596,1
technical_support,0.6943900389178584,0,-0.3029354392866753,0.07453276375637374,-0.3029354392866753,6,90,21.916996446608977,0.1930085328457572,0
billing_inquiry,0.635349859818151,0,-0.2185018770487491,0.21485831613541992,-0.2185018770487491,9,145,53.344201224644465,0.2741104844164328,1
fraud_report,0.471432432716242,0,0.5981096969927022,0.18986837790431246,0.5981096969927022,5,67,9.809117243356155,0.2400409301353632,0
technical_support,0.8755034188588884,0,0.166550403964799,-0.038542173771846974,0.05186695234587666,8,131,0.192988310740723,0.154729523381729,0
account_management,0.3397111450237554,1,0.944121269427626,0.045911344798156145,0.9063908978182429,6,95,2.234433183799487,0.2510806051934047,0
sales_inquiry,0.7938344020073265,0,0.004574871614894269,0.10336269506927544,0.004574871614894269,4,56,14.419307222616043,0.07347757671410028,0
fraud_report,0.7405241816445441,0,-0.08212229097450227,-0.05819321018043526,-0.30689257851151064,6,93,6.0741009933884715,0.28719723419022936,1
fraud_report,0.4901228170271983,0,0.6773559659972294,-0.04903713480451807,0.5436127673670599,8,138,32.51693224621697,0.2984016971575979,1
billing_inquiry,0.8688405295119043,0,0.8145459248063939,-0.053594066411652694,0.5485389057096165,11,160,13.89774629717131,0.19843965602685065,0
sales_inquiry,0.8509682313309891,0,0.1578901638850152,-0.14951081678409603,-0.1364261974623342,4,50,16.02811637249308,0.1866664529466694,0
fraud_report,0.852704724612828,0,-0.16863082109247676,-0.03807294700381674,-0.24595128392165616,8,147,28.62965936351348,0.29935990379304894,0
technical_support,0.6488315096197943,0,-0.13132298261143172,0.016688425849588576,-0.16364185267966488,7,88,9.743274546653675,0.2432960085267844,0
sales_inquiry,0.7354410849436402,0,-0.11697188005239606,-0.14867119302902745,-0.5002450622487545,8,133,1.8386042520801313,0.2709878226612819,0
general_inquiry,0.8651442343500106,0,0.34520147444224075,-0.18554664129905019,-0.2463381596075599,6,82,8.820573597554954,0.27065646160818824,0
general_inquiry,0.4622052193460658,0,0.41980238657271174,0.10373126233934056,0.41980238657271174,12,203,18.628483732293383,0.2250408323204687,0
billing_inquiry,0.8184668194565815,0,0.14482831746581992,0.17713564358417583,0.14482831746581992,9,137,7.115079530950142,0.17568283365098603,0
account_management,0.726597007211784,0,-0.1359465617458102,0.2895383326732744,-0.1359465617458102,5,74,1.2264824782260544,0.09001327202284476,0
technical_support,0.7152585592146598,0,-0.7169379114065825,-0.273390343111807,-1.0,7,126,9.612098514522348,0.4046236715631844,0
cancel_service,0.6397403455632236,0,-0.1571019494788274,-0.024734894984887283,-0.23388093805244187,10,128,0.02159705290021454,0.27308157197462474,1
account_management,0.8427964182977301,0,-0.11330847227164753,0.23825069180684147,-0.11330847227164753,4,65,6.194991756202411,0.16885448899965888,0
service_outage_status,0.9012434120400922,0,0.3040853683812686,0.24682476784935156,0.3040853683812686,5,83,1.8812936577427537,0.15781474191945255,0
sales_inquiry,0.8361843311013112,0,-0.694757377418661,-0.026530802726729568,-0.7793586620467698,4,56,9.505835725732243,0.1853430918213108,1
technical_support,0.45182053194321553,0,-0.021004986007102627,-0.12497395296280982,-0.2499507378859132,9,109,3.0220951438460335,0.188295925182824,0
technical_support,0.5349489495809123,0,0.1421048194538309,0.1468590647584161,0.1421048194538309,5,84,22.078693712805833,0.20004711388187923,1
account_management,0.7245726442536797,0,0.1450496069984909,0.08934224784210773,0.1450496069984909,4,61,55.58231502983723,0.2261986668035373,1
technical_support,0.777223399847173,0,0.18095531424339578,-0.025268894983347678,0.08084414787580017,7,96,34.62204319298346,0.10195541152308178,0
sales_inquiry,0.9460420351361615,0,0.49311842628614855,-0.27875391941305394,-0.33938520891079216,8,113,26.903613484354626,0.3076314273830324,0
billing_inquiry,0.7861756774929709,0,0.33693971193481453,-0.05568615832957925,0.20930440037919393,10,136,7.8523494592647065,0.1676009168463802,1
billing_inquiry,0.9233015773173671,0,-0.4514501875085868,-0.16067898003780562,-0.8265871911611317,10,155,3.0224790664507033,0.4301813346094026,0
sales_inquiry,0.8860446736661596,0,0.24631060282777742,0.1086941236122103,0.24631060282777742,9,124,2.4710290865728815,0.09530827578064552,1
fraud_report,0.958705649440801,0,0.9431462063393188,0.1157193657895788,0.9431462063393188,4,61,3.314445273257456,0.13643193377450633,0
sales_inquiry,0.8478698523339321,0,0.17411563261923424,0.15105199534394814,0.17411563261923424,14,211,131.36471752993498,0.23074284219915503,1
technical_support,0.7760183279864381,0,0.23321190527232694,0.2546884157601851,0.23321190527232694,14,215,0.6305191801619209,0.205605706555269,0
billing_inquiry,0.5391029649145329,0,0.48237073499504457,0.034659279119594516,0.47296462317771776,12,179,4.090867690447035,0.21748460172356845,0
service_outage_status,0.4953882336304475,0,-0.11789100648356327,-0.07120440848824065,-0.2462106834421957,6,77,1.24033804149135,0.20474451904343882,0
fraud_report,0.5907642712754555,0,-0.19995655541097265,-0.1473928296642337,-0.6650441911809679,10,143,8.019925516464006,0.3304770054955202,0
cancel_service,0.7791564304642332,0,-0.5705739691071182,-0.14437466942419333,-0.9056922216711565,12,191,8.81541178640485,0.4792521060498417,1
cancel_service,0.7873386896256358,0,0.5331994000678791,-0.11601193023417365,0.10354094327783757,4,67,16.946799529102933,0.17127135716060374,0
general_inquiry,0.5724993006892809,0,-0.4839271320912295,-0.11672117832152556,-0.7355243661997627,10,139,10.90792618044298,0.27289820048732355,0
account_management,0.7340476550973881,0,0.4862458261168213,-0.16923893862308823,0.006494499069217903,12,203,14.688499474582185,0.347787469776486,0
cancel_service,0.9123789406504539,0,0.060311986266295796,0.0845234845814393,0.060311986266295796,2,32,0.7869179940433327,0.17397345045765733,0
technical_support,0.6181017969648853,0,-1.0,-0.16016728727918744,-1.0,14,198,39.157682448129236,0.4827346528972063,0
cancel_service,0.8478836972455437,0,-0.16695708513386057,-0.21505346934661262,-0.46094325514011236,6,107,2.1225967897840334,0.33636931953842913,0
service_outage_status,0.8783397131427281,0,0.18341421547865283,-0.23361346282055134,-0.3413374787602075,9,124,18.212258774313593,0.311928817061477,0
service_outage_status,0.5193392152075454,0,0.661462742350952,-0.22456998822871338,0.24893207143448554,8,109,19.68702733806964,0.2850816738050742,1
billing_inquiry,0.5305137734269882,0,0.862440854274232,0.1473077951966468,0.862440854274232,7,110,4.523007907074533,0.16939997999092,0
sales_inquiry,0.5631535258012935,0,0.809732792268048,0.1727509062249949,0.809732792268048,6,111,54.14148117879415,0.21449457901717517,0
fraud_report,0.35152111531531866,0,0.19929354039554756,-0.0457416924046162,-0.02204410768129003,6,94,52.535658137479246,0.20694888778749793,0
account_management,0.5908200824994955,0,-0.6495230857490958,0.024290412274827578,-0.7083259637063637,4,45,9.258816444449074,0.20503410859471125,0
general_inquiry,0.6375507396176142,0,0.4176899023626759,0.002621904789263902,0.39901782746545394,8,111,0.7131506807748826,0.1958475507083885,0
account_management,0.4037177672340505,0,-0.15084249342466413,-0.07331429217260849,-0.3842826863937828,8,97,2.108328701755837,0.24968822327833662,0
sales_inquiry,0.970077453046989,0,-0.14786637431489683,0.06229002304822473,-0.14786637431489683,5,84,3.81201008288351,0.18941040741025744,0
billing_inquiry,0.844169924850487,0,0.07336103275834477,-0.07324420099799189,-0.13836571955543586,4,71,3.8378029997161303,0.22012133599961375,0
technical_support,0.24804477352212162,1,0.4053858719532225,0.08493340379213186,0.4053858719532225,5,65,6.1618418395649,0.25504366215720087,0
sales_inquiry,0.932582698290643,0,-0.5735171988754991,0.16440259355688994,-0.5735171988754991,7,92,31.910131150226825,0.1534524281272618,0
service_outage_status,0.8241661086976101,0,-0.11907504144445627,-0.13427431324181913,-0.2800247758355625,6,87,22.35864200752964,0.32521224557699047,1
billing_inquiry,0.6249167093228184,0,0.5853732636244708,0.10521888612239765,0.5853732636244708,10,178,0.08987617046002967,0.15378085526099938,0
fraud_report,0.7230260045077835,0,-0.010143753516889495,-0.0708247739541074,-0.13384110051687448,10,158,5.387366967842056,0.26466711049963904,0
general_inquiry,0.5679452823980595,0,-0.36352302620988175,-0.03540032626696427,-0.5149681194225401,11,145,7.6273423225711285,0.17122726740302163,0
billing_inquiry,0.7412163276454825,0,0.5919571483903628,-0.12735242577093336,0.4000771867716701,9,142,6.736686018052805,0.2558501490108804,1
technical_support,0.9498516286453539,0,0.3196481660354533,-0.16609423102780813,-0.016353699316053724,10,157,16.74225034674726,0.32365107307965657,1
sales_inquiry,0.6209897722522223,0,0.150026185732654,-0.06699080092007628,-0.13649976906347483,6,94,21.14854477560843,0.2478365907593058,0
billing_inquiry,0.653546856955441,0,-0.2773735946030724,-0.19481244299894618,-0.6413147680575042,5,81,14.940548005553529,0.28756396254531547,0
technical_support,0.807295476331648,0,0.4049797625416428,0.08384128529547694,0.38356846505350145,8,113,15.538834832480527,0.133412079983169,0
sales_inquiry,0.8590170601277353,0,0.33245194704354253,-0.4196081805966983,-0.6530350527017215,10,128,4.893137297664848,0.40249102691869015,0
general_inquiry,0.8686829791147872,0,0.06536339591407112,0.007749992174852151,0.04849609167647171,9,128,20.13487013125176,0.25390615581013914,0
billing_inquiry,0.6824951599283166,0,1.0,-0.11039522449079017,0.7259575374347866,8,102,10.76164961924762,0.32667197099297596,0
technical_support,0.8700469724037759,0,-0.5735152432780001,-0.2103333061514004,-0.956396913089826,6,85,15.857162981220636,0.2760107896356279,0
account_management,0.5822165553779338,0,-0.500508417621942,-0.14550314899441252,-0.9765751741150792,9,131,33.40527624523343,0.4234059262074861,0
sales_inquiry,0.7855991153035323,0,-0.1604854707266177,0.05418310304320191,-0.175010084062874,14,213,31.796177592943142,0.22266287553505254,1
fraud_report,0.7944475657059828,0,0.37212432792236305,-0.04136221367942297,0.1647544116367039,11,211,1.1593431139518218,0.2172337472608163,0
service_outage_status,0.7502277981351742,0,0.2641873961979478,-0.1227795758724683,-0.047000398310448305,4,32,46.863272540519546,0.20699908605894243,0
technical_support,0.6026860797642719,0,-0.03287247740167962,0.10808573499477371,-0.03287247740167962,7,86,7.843628395186303,0.1761982255754392,0
general_inquiry,0.611445040689164,0,0.24984893062481467,-0.23902798645238127,-0.31470138959525706,6,90,8.664541028968587,0.3245820991578807,1
account_management,0.7864123859780168,0,-0.10242513228307329,0.07364664462622561,-0.10242513228307329,10,143,78.08857748341626,0.22610317926582502,0
cancel_service,0.6825773829730807,0,0.7602584995696963,-0.08020938647895073,0.5478339346794981,4,56,12.476412679810808,0.33193499268689075,1
service_outage_status,0.5477383072672584,0,-0.12348970189312727,-0.0647177058643702,-0.3804395790831402,5,86,4.0818173035112055,0.257126978723079,0
sales_inquiry,0.7081006556544575,0,0.2498926052588557,-0.009524344341337537,0.05793768480071215,6,76,1.737167601311817,0.0643587605169736,0
billing_inquiry,0.7532144120686467,0,0.08116738904798833,0.05346609063845739,0.08116738904798833,10,133,26.438567672655733,0.1482107374319382,0
account_management,0.7445486369539327,0,0.007813310312013391,0.14531857020470682,0.007813310312013391,7,107,53.78315265980077,0.1654369847881987,0
fraud_report,0.4720799432623149,0,0.6594055013912392,0.04017830111275912,0.6594055013912392,10,133,5.100934378421694,0.130926401182675,0
technical_support,0.5981015658593875,0,-0.14502701195511322,-0.25591590996112606,-0.5213843110114729,12,155,20.85785229662053,0.43123438881362264,0
cancel_service,0.6894638952304828,0,-0.5520675526913943,-0.2489898325537236,-1.0,9,136,2.369454301314981,0.5318568673535564,1
fraud_report,0.891011001305109,0,0.07394008108576017,0.12146715455965924,0.07394008108576017,8,120,7.77535282440501,0.2128314410904836,1
fraud_report,0.8394861288810628,0,0.46136646604794873,0.2357310891399018,0.46136646604794873,8,109,9.901948555443099,0.24327566425930613,1
service_outage_status,0.9436033156627001,0,-0.23826200788306348,0.12206127984588654,-0.23826200788306348,4,67,6.121710308381115,0.2770971191231858,0
service_outage_status,0.6466189386829441,0,0.003624745832532014,-0.009681312411411068,-0.022303929691871196,6,84,31.212477109781638,0.3070093821648667,1
cancel_service,0.3853152183649786,0,0.656540123309019,-0.17388711387212458,0.1526122001790261,7,82,26.13245423433808,0.2319058087736589,0
billing_inquiry,0.5985119529867664,0,-0.23258408534141142,-0.01739419683992173,-0.3813961151528763,6,78,14.33552374891366,0.23433042977633023,0
account_management,0.9895923923565646,0,-0.15310291569336362,0.161554473152363,-0.15310291569336362,6,92,11.398234966615549,0.19428882989122337,0
technical_support,0.36056364578219063,0,0.006964541345281808,-0.09333977944281441,-0.29846548433702996,5,52,2.0620732739195473,0.13052367262096343,0
cancel_service,0.7696708900369681,0,-0.09810367992274055,-0.05553103364410071,-0.2729937001397054,8,115,28.466650534476774,0.2344945055689937,1
technical_support,0.36123606953565274,0,0.006875770203424253,-0.04410560446645993,-0.09801550735484843,6,86,32.54258619217238,0.21463557554358406,0
billing_inquiry,0.6525772902495399,0,-0.06190657432444463,-0.06863404502163821,-0.24626071273019584,7,95,1.5636648265837054,0.21326837908922716,0
sales_inquiry,0.6127278103113163,0,0.817925154767635,0.17307294718779026,0.817925154767635,9,114,24.101533444864423,0.14709856956990797,0
service_outage_status,0.712700378179034,0,0.04158401772031411,0.005289877896041295,-0.025854323798336847,7,117,7.705770187428195,0.1484601761566473,0
technical_support,0.9516708069198726,0,0.054097145381649114,0.03716889345668045,0.054097145381649114,7,90,19.194849077791456,0.19757068390195917,1
cancel_service,0.684414150008974,0,0.2608056569979895,-0.020274977872018915,0.16012917722115017,6,117,50.69358724655116,0.1154252041533125,0
technical_support,0.7541793330964833,0,0.7961221253941699,0.09068124286607183,0.7961221253941699,12,147,3.8122519389088056,0.06588638733457823,1
billing_inquiry,0.7135558222324455,0,0.38295369600381024,0.1995223421450955,0.38295369600381024,6,94,26.580477294757614,0.17200012202471132,1
cancel_service,0.8898009747721836,0,-0.03864023471029843,0.13051175343416108,-0.03864023471029843,8,139,3.987063593044084,0.2600004647111799,1
billing_inquiry,0.9358622454592356,0,-0.3423554293784087,-0.1660272333884294,-0.75360366179665,8,139,22.485937890438265,0.2678022396316287,0
fraud_report,0.8051842153367201,0,0.07616223574255823,-0.10973603087600114,-0.24496896496574244,6,91,1.5575941902372046,0.3063745798199315,0
billing_inquiry,0.8491267101759169,0,-0.15747854561549482,-0.04033394459347583,-0.21379561147772674,6,90,4.326069592792318,0.22493712980214103,1
fraud_report,0.9201128985734468,0,0.10669196978465192,-0.19789571237289721,-0.18021123941282557,9,122,3.2315742572716513,0.3115689384536249,1
general_inquiry,0.6527845958628654,0,-0.18534903737705824,-0.06597002142924199,-0.34616372917005145,3,34,55.12796848426679,0.25925015528791734,0
general_inquiry,0.8562230497913944,0,1.0,-0.11538945472192348,0.5351291710199509,11,172,14.612965795587181,0.20299610203974072,0
billing_inquiry,0.7421324263318382,0,0.18590452859891288,-0.3231978455287646,-0.24508714618332272,5,80,19.8538512218544,0.2787489038037084,0
technical_support,0.9229617898425486,0,0.750650782542644,0.2763757575095206,0.750650782542644,8,116,3.051602620382294,0.17549557105767447,1
account_management,0.8318167934540716,0,-0.0058413383265424335,-0.002339734157278648,-0.08295668697480557,12,192,27.738886479468334,0.13658694215702646,0
general_inquiry,0.8196086255252225,0,-0.2990898715842176,0.28392278921196135,-0.2990898715842176,5,95,28.27520338242656,0.2555266650607903,0
account_management,0.785242243579518,0,0.046140934437336384,-0.1064146272285606,-0.2355310127846649,8,100,2.902976403427286,0.23867133121690917,0
general_inquiry,0.3914035124622213,0,0.2951481109236461,0.054465354655675785,0.2951481109236461,9,172,2.212081358695433,0.20612840746196892,1
technical_support,0.8547607958246511,0,0.6720347474921601,0.20932535413027437,0.6720347474921601,12,188,12.145649802658118,0.17189074174019206,0
billing_inquiry,0.48002061802219553,0,-0.648684351897298,0.055725631062147424,-0.648684351897298,11,197,2.185787615890061,0.1678138582545706,0
sales_inquiry,0.7787872117459927,0,0.10854378676278405,-0.18086180335168317,-0.4807295989541253,10,145,1.5225835784784238,0.2579153988449833,0
sales_inquiry,0.7557868935554726,0,0.2829947558514879,0.02901313782657357,0.2829947558514879,6,84,23.834059520722462,0.24822386322085277,0
sales_inquiry,0.7155728630845675,0,0.26705222266052464,-0.03057579088523667,0.14661470204360916,12,170,37.90987603333102,0.23524633183032784,0
billing_inquiry,0.49012649865802954,0,0.2282081337476327,-0.11939157715345168,-0.20852287988137524,15,214,2.0575670369345267,0.2135663445698372,0
technical_support,0.6748349174247316,0,0.6229536277564405,-0.097651905719599,0.4985368529156298,3,59,15.088676214507819,0.2258099529073634,0
fraud_report,0.31680573117405003,1,0.00851485593323488,-0.2608866036036349,-0.6415841939976887,6,100,10.457093853815215,0.5110370629304423,0
sales_inquiry,0.6181079673435521,0,-0.2544943322677735,-0.23980707595825346,-0.9004176027014945,11,190,19.572557768860158,0.3602871405125995,0
cancel_service,0.7628753802068295,0,0.06837055302189127,-0.2377065070239001,-0.23847864016711648,9,135,52.645965274194545,0.38771363419922616,1
cancel_service,0.8105185550243901,0,0.5010769651752989,0.08946477264995702,0.5010769651752989,11,168,13.101535194238716,0.23576160025855455,0
cancel_service,0.5322128498421589,0,0.957217965250819,0.07747871858084582,0.957217965250819,10,127,8.668481751496396,0.27458452313882153,1
billing_inquiry,0.40497388179230787,0,0.5279830128176496,-0.12800877364095753,0.26391929707050127,8,110,7.6000143315905975,0.12822091529727,0
account_management,0.48619410175960076,0,0.007044665758182467,-0.2924542028470364,-0.5684184944161645,11,132,5.829654857050804,0.35165168418921067,1
service_outage_status,0.6365872431129128,0,0.3084321393081111,-0.032964398370554426,0.18880976020139584,8,129,12.069661865385706,0.11728798921952469,0
billing_inquiry,0.8148702757512452,0,0.2989488201101751,-0.20996291933435535,-0.26581378579663684,11,179,3.925977453939973,0.26399403200255595,0
service_outage_status,0.7610417739779369,0,0.10778944360280207,-0.14725772786189242,-0.20869863760641055,7,103,1.9799131821196336,0.2622834124740762,0
account_management,0.7718295326984783,0,0.4920001629259583,-0.226106533325171,-0.041440655014590835,4,67,22.848860784325232,0.15875772101271302,0
sales_inquiry,0.6677614960447966,0,0.2912142160597414,0.13029045973824868,0.2912142160597414,2,36,0.5528464227687834,0.10377801614312408,0
technical_support,0.8884769290704921,0,0.3572799165121874,-0.0039497408118599545,0.311338568052748,12,172,15.286476521294052,0.15857851192171002,0
technical_support,0.8359785167410909,0,0.18953647741397625,-0.2954225138457412,-0.13067268069003374,8,121,9.55837741887131,0.2419094556307533,0
fraud_report,0.6538199469505643,0,0.29667241033312597,0.2751671099773076,0.29667241033312597,4,59,43.46855036254459,0.1782505548203685,0
sales_inquiry,0.6828571303624343,0,-0.07118919383067196,0.021147109919453514,-0.130333330036268,6,85,8.118919495022888,0.13831807685839573,1
sales_inquiry,0.4994547000821905,0,0.3796118567417718,-0.0566704246589495,0.21687660240773118,8,98,22.123672591794065,0.11462305183464087,0
cancel_service,0.8231777211794222,0,0.3034177650877218,-0.11668882382041888,0.045973181843764116,12,195,2.2078921275290706,0.2158458414573237,0
service_outage_status,0.6968009249222898,0,-0.3890459072353094,-0.11450514950286213,-0.7558680175046895,8,99,13.010598234151374,0.34596743983537354,0
service_outage_status,0.7381855340676745,0,0.2640834904122962,-0.031026730723261273,0.1328213099571476,11,157,3.5287576187673855,0.20924742073709146,0
general_inquiry,0.8763227011371799,0,0.1453228440061097,-0.4135827228029712,-0.7857171269032619,8,129,18.927096379133854,0.4563451403775662,1
general_inquiry,0.41785676261322807,0,-0.5184621200927592,-0.05169613341802261,-0.6407536620470046,6,91,4.087813146024278,0.3121613624420403,0
fraud_report,0.6746773989954246,0,-0.6120335837175174,-0.24605048984117445,-1.0,8,115,21.36550853843056,0.5609704078457568,0
account_management,0.8630119289203481,0,-0.2923277588820128,0.12148697590515094,-0.2923277588820128,9,142,7.648458890031403,0.29322850932124006,1
billing_inquiry,0.7590850668359258,0,-0.017655644079320187,-0.18309316267742803,-0.6219591532906837,3,52,0.904743961447281,0.28174563329900587,1
general_inquiry,0.4821483516743709,0,-0.15044574667151647,-0.4176895043523616,-0.9613827764220336,9,149,2.851859278303368,0.446024197295484,0
fraud_report,0.7686074423756768,0,0.29299798690562784,0.059396520651849805,0.2821139304922631,9,161,6.034393343330114,0.14921857673807334,0
technical_support,0.5876516499570078,0,-0.2121154278208933,-0.17495897099043167,-0.565588303519428,9,117,0.16168956604323245,0.2675711057665397,1
cancel_service,0.6999983478317724,0,0.45972625555712054,0.067028442112089,0.45972625555712054,10,159,1.7334033895253298,0.17259461560411596,0
